product_sku,product_category,product_variant,currency,price_amount,product_features
5g.in,domain,create,USD,7.67,provider=openprovider
5g.in,domain,renew,USD,10.96,provider=openprovider
5g.in,domain,transfer,USD,7.67,provider=openprovider
6g.in,domain,create,USD,7.67,provider=openprovider
6g.in,domain,renew,USD,10.96,provider=openprovider
6g.in,domain,transfer,USD,7.67,provider=openprovider
aaa.pro,domain,create,USD,222,provider=openprovider
aaa.pro,domain,renew,USD,222,provider=openprovider
aaa.pro,domain,transfer,USD,222,provider=openprovider
abc.br,domain,create,USD,42.25,provider=openprovider
abc.br,domain,renew,USD,35.69,provider=openprovider
abc.br,domain,transfer,USD,0,provider=openprovider
abogado,domain,create,USD,29.98,provider=openprovider
abogado,domain,renew,USD,29.98,provider=openprovider
abogado,domain,transfer,USD,29.98,provider=openprovider
abr.it,domain,create,USD,19.56,provider=openprovider
abr.it,domain,renew,USD,19.56,provider=openprovider
abr.it,domain,transfer,USD,19.56,provider=openprovider
abruzzo.it,domain,create,USD,19.56,provider=openprovider
abruzzo.it,domain,renew,USD,19.56,provider=openprovider
abruzzo.it,domain,transfer,USD,19.56,provider=openprovider
ac,domain,create,USD,67.5,provider=openprovider
ac,domain,renew,USD,79.8,provider=openprovider
ac,domain,transfer,USD,67.5,provider=openprovider
ac.cn,domain,create,USD,34.34,provider=openprovider
ac.cn,domain,renew,USD,23.3,provider=openprovider
ac.cn,domain,transfer,USD,23.3,provider=openprovider
ac.ke,domain,create,USD,174.16,provider=openprovider
ac.ke,domain,renew,USD,174.16,provider=openprovider
ac.ke,domain,transfer,USD,174.16,provider=openprovider
ac.mu,domain,create,USD,98,provider=openprovider
ac.mu,domain,renew,USD,98,provider=openprovider
ac.mu,domain,transfer,USD,62,provider=openprovider
ac.ni,domain,create,USD,131,provider=openprovider
ac.ni,domain,renew,USD,170,provider=openprovider
ac.ni,domain,transfer,USD,48,provider=openprovider
ac.nz,domain,create,USD,27.36,provider=openprovider
ac.nz,domain,renew,USD,27.36,provider=openprovider
ac.nz,domain,transfer,USD,0,provider=openprovider
ac.rw,domain,create,USD,564.19,provider=openprovider
ac.rw,domain,renew,USD,564.19,provider=openprovider
ac.rw,domain,transfer,USD,45.38,provider=openprovider
ac.tz,domain,create,USD,73.59,provider=openprovider
ac.tz,domain,renew,USD,91.99,provider=openprovider
ac.tz,domain,transfer,USD,0,provider=openprovider
ac.vn,domain,create,USD,145,provider=openprovider
ac.vn,domain,renew,USD,145,provider=openprovider
ac.vn,domain,transfer,USD,0,provider=openprovider
aca.pro,domain,create,USD,222,provider=openprovider
aca.pro,domain,renew,USD,226,provider=openprovider
aca.pro,domain,transfer,USD,222,provider=openprovider
academy,domain,create,USD,52,provider=openprovider
academy,domain,renew,USD,52,provider=openprovider
academy,domain,transfer,USD,52,provider=openprovider
accountant,domain,create,USD,38,provider=openprovider
accountant,domain,renew,USD,40,provider=openprovider
accountant,domain,transfer,USD,38,provider=openprovider
accountants,domain,create,USD,119,provider=openprovider
accountants,domain,renew,USD,119,provider=openprovider
accountants,domain,transfer,USD,119,provider=openprovider
acct.pro,domain,create,USD,222,provider=openprovider
acct.pro,domain,renew,USD,222,provider=openprovider
acct.pro,domain,transfer,USD,222,provider=openprovider
actor,domain,create,USD,49,provider=openprovider
actor,domain,renew,USD,49,provider=openprovider
actor,domain,transfer,USD,49,provider=openprovider
adm.ec,domain,create,USD,39.95,provider=openprovider
adm.ec,domain,renew,USD,39.95,provider=openprovider
adm.ec,domain,transfer,USD,39.95,provider=openprovider
adult,domain,create,USD,170.98,provider=openprovider
adult,domain,renew,USD,170.98,provider=openprovider
adult,domain,transfer,USD,170.98,provider=openprovider
adult.ht,domain,create,USD,57,provider=openprovider
adult.ht,domain,renew,USD,57,provider=openprovider
adult.ht,domain,transfer,USD,57,provider=openprovider
ae,domain,create,USD,82.91,provider=openprovider
ae,domain,renew,USD,82.91,provider=openprovider
ae,domain,transfer,USD,0,provider=openprovider
ae.org,domain,create,USD,30,provider=openprovider
ae.org,domain,renew,USD,30,provider=openprovider
ae.org,domain,transfer,USD,30,provider=openprovider
aero,domain,create,USD,136.14,provider=openprovider
aero,domain,renew,USD,136.14,provider=openprovider
aero,domain,transfer,USD,136.14,provider=openprovider
af,domain,create,USD,167,provider=openprovider
af,domain,renew,USD,167,provider=openprovider
af,domain,transfer,USD,116,provider=openprovider
africa,domain,create,USD,13.98,provider=openprovider
africa,domain,renew,USD,16.98,provider=openprovider
africa,domain,transfer,USD,13.98,provider=openprovider
africa.com,domain,create,USD,27.95,provider=openprovider
africa.com,domain,renew,USD,27.95,provider=openprovider
africa.com,domain,transfer,USD,27.95,provider=openprovider
ag,domain,create,USD,150,provider=openprovider
ag,domain,renew,USD,150,provider=openprovider
ag,domain,transfer,USD,150,provider=openprovider
ag.it,domain,create,USD,19.56,provider=openprovider
ag.it,domain,renew,USD,19.56,provider=openprovider
ag.it,domain,transfer,USD,19.56,provider=openprovider
agency,domain,create,USD,28,provider=openprovider
agency,domain,renew,USD,28,provider=openprovider
agency,domain,transfer,USD,28,provider=openprovider
agrigento.it,domain,create,USD,19.56,provider=openprovider
agrigento.it,domain,renew,USD,19.56,provider=openprovider
agrigento.it,domain,transfer,USD,19.56,provider=openprovider
agro.pl,domain,create,USD,34.08,provider=openprovider
agro.pl,domain,renew,USD,42.6,provider=openprovider
agro.pl,domain,transfer,USD,0,provider=openprovider
ah.cn,domain,create,USD,33.26,provider=openprovider
ah.cn,domain,renew,USD,33.26,provider=openprovider
ah.cn,domain,transfer,USD,33.26,provider=openprovider
ahmdabad.in,domain,create,USD,7.67,provider=openprovider
ahmdabad.in,domain,renew,USD,10.96,provider=openprovider
ahmdabad.in,domain,transfer,USD,7.67,provider=openprovider
ai,domain,create,USD,109,provider=openprovider
ai,domain,renew,USD,134,provider=openprovider
ai,domain,transfer,USD,109,provider=openprovider
ai.in,domain,create,USD,7.67,provider=openprovider
ai.in,domain,renew,USD,10.96,provider=openprovider
ai.in,domain,transfer,USD,7.67,provider=openprovider
aid.pl,domain,create,USD,34.08,provider=openprovider
aid.pl,domain,renew,USD,42.6,provider=openprovider
aid.pl,domain,transfer,USD,0,provider=openprovider
airforce,domain,create,USD,105,provider=openprovider
airforce,domain,renew,USD,105,provider=openprovider
airforce,domain,transfer,USD,105,provider=openprovider
al,domain,create,USD,79,provider=openprovider
al,domain,renew,USD,75,provider=openprovider
al,domain,transfer,USD,75,provider=openprovider
al.it,domain,create,USD,19.56,provider=openprovider
al.it,domain,renew,USD,19.56,provider=openprovider
al.it,domain,transfer,USD,19.56,provider=openprovider
alessandria.it,domain,create,USD,19.56,provider=openprovider
alessandria.it,domain,renew,USD,19.56,provider=openprovider
alessandria.it,domain,transfer,USD,19.56,provider=openprovider
alsace,domain,create,USD,73.96,provider=openprovider
alsace,domain,renew,USD,73.96,provider=openprovider
alsace,domain,transfer,USD,73.96,provider=openprovider
alto-adige.it,domain,create,USD,19.56,provider=openprovider
alto-adige.it,domain,renew,USD,19.56,provider=openprovider
alto-adige.it,domain,transfer,USD,19.56,provider=openprovider
altoadige.it,domain,create,USD,19.56,provider=openprovider
altoadige.it,domain,renew,USD,19.56,provider=openprovider
altoadige.it,domain,transfer,USD,19.56,provider=openprovider
am,domain,create,USD,75,provider=openprovider
am,domain,renew,USD,75,provider=openprovider
am,domain,transfer,USD,75,provider=openprovider
am.in,domain,create,USD,7.67,provider=openprovider
am.in,domain,renew,USD,10.96,provider=openprovider
am.in,domain,transfer,USD,7.67,provider=openprovider
amsterdam,domain,create,USD,61.69,provider=openprovider
amsterdam,domain,renew,USD,61.69,provider=openprovider
amsterdam,domain,transfer,USD,61.69,provider=openprovider
an.it,domain,create,USD,19.56,provider=openprovider
an.it,domain,renew,USD,19.56,provider=openprovider
an.it,domain,transfer,USD,19.56,provider=openprovider
ancona.it,domain,create,USD,19.56,provider=openprovider
ancona.it,domain,renew,USD,19.56,provider=openprovider
ancona.it,domain,transfer,USD,19.56,provider=openprovider
andria-barletta-trani.it,domain,create,USD,19.56,provider=openprovider
andria-barletta-trani.it,domain,renew,USD,19.56,provider=openprovider
andria-barletta-trani.it,domain,transfer,USD,19.56,provider=openprovider
andria-trani-barletta.it,domain,create,USD,19.56,provider=openprovider
andria-trani-barletta.it,domain,renew,USD,19.56,provider=openprovider
andria-trani-barletta.it,domain,transfer,USD,19.56,provider=openprovider
andriabarlettatrani.it,domain,create,USD,19.56,provider=openprovider
andriabarlettatrani.it,domain,renew,USD,19.56,provider=openprovider
andriabarlettatrani.it,domain,transfer,USD,19.56,provider=openprovider
andriatranibarletta.it,domain,create,USD,19.56,provider=openprovider
andriatranibarletta.it,domain,renew,USD,19.56,provider=openprovider
andriatranibarletta.it,domain,transfer,USD,19.56,provider=openprovider
ao,domain,create,USD,306.63,provider=openprovider
ao,domain,renew,USD,337.29,provider=openprovider
ao,domain,transfer,USD,306.63,provider=openprovider
ao.it,domain,create,USD,19.56,provider=openprovider
ao.it,domain,renew,USD,19.56,provider=openprovider
ao.it,domain,transfer,USD,19.56,provider=openprovider
aosta-valley.it,domain,create,USD,19.56,provider=openprovider
aosta-valley.it,domain,renew,USD,19.56,provider=openprovider
aosta-valley.it,domain,transfer,USD,19.56,provider=openprovider
aosta.it,domain,create,USD,19.56,provider=openprovider
aosta.it,domain,renew,USD,19.56,provider=openprovider
aosta.it,domain,transfer,USD,19.56,provider=openprovider
aostavalley.it,domain,create,USD,19.56,provider=openprovider
aostavalley.it,domain,renew,USD,19.56,provider=openprovider
aostavalley.it,domain,transfer,USD,19.56,provider=openprovider
aoste.it,domain,create,USD,19.56,provider=openprovider
aoste.it,domain,renew,USD,19.56,provider=openprovider
aoste.it,domain,transfer,USD,19.56,provider=openprovider
ap.it,domain,create,USD,19.56,provider=openprovider
ap.it,domain,renew,USD,19.56,provider=openprovider
ap.it,domain,transfer,USD,19.56,provider=openprovider
apartments,domain,create,USD,52,provider=openprovider
apartments,domain,renew,USD,52,provider=openprovider
apartments,domain,transfer,USD,52,provider=openprovider
app,domain,create,USD,26.98,provider=openprovider
app,domain,renew,USD,26.98,provider=openprovider
app,domain,transfer,USD,26.98,provider=openprovider
aq.it,domain,create,USD,19.56,provider=openprovider
aq.it,domain,renew,USD,19.56,provider=openprovider
aq.it,domain,transfer,USD,19.56,provider=openprovider
aquila.it,domain,create,USD,19.56,provider=openprovider
aquila.it,domain,renew,USD,19.56,provider=openprovider
aquila.it,domain,transfer,USD,19.56,provider=openprovider
ar.com,domain,create,USD,35,provider=openprovider
ar.com,domain,renew,USD,35,provider=openprovider
ar.com,domain,transfer,USD,35,provider=openprovider
ar.it,domain,create,USD,19.56,provider=openprovider
ar.it,domain,renew,USD,19.56,provider=openprovider
ar.it,domain,transfer,USD,19.56,provider=openprovider
archi,domain,create,USD,115,provider=openprovider
archi,domain,renew,USD,115,provider=openprovider
archi,domain,transfer,USD,115,provider=openprovider
arezzo.it,domain,create,USD,19.56,provider=openprovider
arezzo.it,domain,renew,USD,19.56,provider=openprovider
arezzo.it,domain,transfer,USD,19.56,provider=openprovider
army,domain,create,USD,54,provider=openprovider
army,domain,renew,USD,54,provider=openprovider
army,domain,transfer,USD,54,provider=openprovider
art,domain,create,USD,35,provider=openprovider
art,domain,renew,USD,35,provider=openprovider
art,domain,transfer,USD,35,provider=openprovider
art.ec,domain,create,USD,39.95,provider=openprovider
art.ec,domain,renew,USD,39.95,provider=openprovider
art.ec,domain,transfer,USD,39.95,provider=openprovider
arts.ro,domain,create,USD,18.37,provider=openprovider
arts.ro,domain,renew,USD,18.37,provider=openprovider
arts.ro,domain,transfer,USD,18.37,provider=openprovider
ascoli-piceno.it,domain,create,USD,19.56,provider=openprovider
ascoli-piceno.it,domain,renew,USD,19.56,provider=openprovider
ascoli-piceno.it,domain,transfer,USD,19.56,provider=openprovider
ascolipiceno.it,domain,create,USD,19.56,provider=openprovider
ascolipiceno.it,domain,renew,USD,19.56,provider=openprovider
ascolipiceno.it,domain,transfer,USD,19.56,provider=openprovider
asia,domain,create,USD,23.58,provider=openprovider
asia,domain,renew,USD,23.58,provider=openprovider
asia,domain,transfer,USD,23.58,provider=openprovider
asn.au,domain,create,USD,14.91,provider=openprovider
asn.au,domain,renew,USD,14.91,provider=openprovider
asn.au,domain,transfer,USD,0,provider=openprovider
asn.lv,domain,create,USD,28.15,provider=openprovider
asn.lv,domain,renew,USD,28.15,provider=openprovider
asn.lv,domain,transfer,USD,14.72,provider=openprovider
asso.fr,domain,create,USD,11.28,provider=openprovider
asso.fr,domain,renew,USD,11.35,provider=openprovider
asso.fr,domain,transfer,USD,11.28,provider=openprovider
associates,domain,create,USD,44,provider=openprovider
associates,domain,renew,USD,44,provider=openprovider
associates,domain,transfer,USD,44,provider=openprovider
asti.it,domain,create,USD,19.56,provider=openprovider
asti.it,domain,renew,USD,19.56,provider=openprovider
asti.it,domain,transfer,USD,19.56,provider=openprovider
at,domain,create,USD,12.51,provider=openprovider
at,domain,renew,USD,22.08,provider=openprovider
at,domain,transfer,USD,0,provider=openprovider
at.it,domain,create,USD,19.56,provider=openprovider
at.it,domain,renew,USD,19.56,provider=openprovider
at.it,domain,transfer,USD,19.56,provider=openprovider
at.pr,domain,create,USD,294,provider=openprovider
at.pr,domain,renew,USD,294,provider=openprovider
at.pr,domain,transfer,USD,294,provider=openprovider
atm.pl,domain,create,USD,34.08,provider=openprovider
atm.pl,domain,renew,USD,42.6,provider=openprovider
atm.pl,domain,transfer,USD,0,provider=openprovider
attorney,domain,create,USD,62,provider=openprovider
attorney,domain,renew,USD,62,provider=openprovider
attorney,domain,transfer,USD,62,provider=openprovider
au,domain,create,USD,14.91,provider=openprovider
au,domain,renew,USD,14.91,provider=openprovider
au,domain,transfer,USD,0,provider=openprovider
auction,domain,create,USD,41,provider=openprovider
auction,domain,renew,USD,41,provider=openprovider
auction,domain,transfer,USD,41,provider=openprovider
audio,domain,create,USD,200.36,provider=openprovider
audio,domain,renew,USD,200.36,provider=openprovider
audio,domain,transfer,USD,200.36,provider=openprovider
augustow.pl,domain,create,USD,14.2,provider=openprovider
augustow.pl,domain,renew,USD,34.08,provider=openprovider
augustow.pl,domain,transfer,USD,0,provider=openprovider
auto,domain,create,USD,4000.36,provider=openprovider
auto,domain,renew,USD,4000.36,provider=openprovider
auto,domain,transfer,USD,4000.36,provider=openprovider
auto.pl,domain,create,USD,34.08,provider=openprovider
auto.pl,domain,renew,USD,42.6,provider=openprovider
auto.pl,domain,transfer,USD,0,provider=openprovider
autos,domain,create,USD,20.98,provider=openprovider
autos,domain,renew,USD,20.98,provider=openprovider
autos,domain,transfer,USD,20.98,provider=openprovider
av.it,domain,create,USD,19.56,provider=openprovider
av.it,domain,renew,USD,19.56,provider=openprovider
av.it,domain,transfer,USD,19.56,provider=openprovider
avellino.it,domain,create,USD,19.56,provider=openprovider
avellino.it,domain,renew,USD,19.56,provider=openprovider
avellino.it,domain,transfer,USD,19.56,provider=openprovider
avocat.pro,domain,create,USD,222,provider=openprovider
avocat.pro,domain,renew,USD,222,provider=openprovider
avocat.pro,domain,transfer,USD,270.36,provider=openprovider
ax,domain,create,USD,122.65,provider=openprovider
ax,domain,renew,USD,69.91,provider=openprovider
ax,domain,transfer,USD,71.14,provider=openprovider
ba.it,domain,create,USD,19.56,provider=openprovider
ba.it,domain,renew,USD,19.56,provider=openprovider
ba.it,domain,transfer,USD,19.56,provider=openprovider
babia-gora.pl,domain,create,USD,14.2,provider=openprovider
babia-gora.pl,domain,renew,USD,34.08,provider=openprovider
babia-gora.pl,domain,transfer,USD,0,provider=openprovider
baby,domain,create,USD,74,provider=openprovider
baby,domain,renew,USD,100.36,provider=openprovider
baby,domain,transfer,USD,100.36,provider=openprovider
balsan-sudtirol.it,domain,create,USD,19.56,provider=openprovider
balsan-sudtirol.it,domain,renew,USD,19.56,provider=openprovider
balsan-sudtirol.it,domain,transfer,USD,19.56,provider=openprovider
balsan-suedtirol.it,domain,create,USD,19.56,provider=openprovider
balsan-suedtirol.it,domain,renew,USD,19.56,provider=openprovider
balsan-suedtirol.it,domain,transfer,USD,19.56,provider=openprovider
balsan.it,domain,create,USD,19.56,provider=openprovider
balsan.it,domain,renew,USD,19.56,provider=openprovider
balsan.it,domain,transfer,USD,19.56,provider=openprovider
band,domain,create,USD,36,provider=openprovider
band,domain,renew,USD,36,provider=openprovider
band,domain,transfer,USD,36,provider=openprovider
bank,domain,create,USD,1567.9,provider=openprovider
bank,domain,renew,USD,1567.9,provider=openprovider
bank,domain,transfer,USD,1567.9,provider=openprovider
bar,domain,create,USD,100.36,provider=openprovider
bar,domain,renew,USD,100.36,provider=openprovider
bar,domain,transfer,USD,100.36,provider=openprovider
bar.ec,domain,create,USD,39.95,provider=openprovider
bar.ec,domain,renew,USD,39.95,provider=openprovider
bar.ec,domain,transfer,USD,39.95,provider=openprovider
bar.pro,domain,create,USD,222,provider=openprovider
bar.pro,domain,renew,USD,270.36,provider=openprovider
bar.pro,domain,transfer,USD,270.36,provider=openprovider
barcelona,domain,create,USD,26.98,provider=openprovider
barcelona,domain,renew,USD,31.89,provider=openprovider
barcelona,domain,transfer,USD,49.43,provider=openprovider
bargains,domain,create,USD,64.8,provider=openprovider
bargains,domain,renew,USD,64.8,provider=openprovider
bargains,domain,transfer,USD,64.8,provider=openprovider
bari.it,domain,create,USD,19.56,provider=openprovider
bari.it,domain,renew,USD,19.56,provider=openprovider
bari.it,domain,transfer,USD,19.56,provider=openprovider
barletta-trani-andria.it,domain,create,USD,19.56,provider=openprovider
barletta-trani-andria.it,domain,renew,USD,19.56,provider=openprovider
barletta-trani-andria.it,domain,transfer,USD,19.56,provider=openprovider
barlettatraniandria.it,domain,create,USD,19.56,provider=openprovider
barlettatraniandria.it,domain,renew,USD,19.56,provider=openprovider
barlettatraniandria.it,domain,transfer,USD,19.56,provider=openprovider
bas.it,domain,create,USD,19.56,provider=openprovider
bas.it,domain,renew,USD,19.56,provider=openprovider
bas.it,domain,transfer,USD,19.56,provider=openprovider
basilicata.it,domain,create,USD,19.56,provider=openprovider
basilicata.it,domain,renew,USD,19.56,provider=openprovider
basilicata.it,domain,transfer,USD,19.56,provider=openprovider
basketball,domain,create,USD,80,provider=openprovider
basketball,domain,renew,USD,53,provider=openprovider
basketball,domain,transfer,USD,80.36,provider=openprovider
bayern,domain,create,USD,58.01,provider=openprovider
bayern,domain,renew,USD,54.33,provider=openprovider
bayern,domain,transfer,USD,58.01,provider=openprovider
be,domain,create,USD,9.2,provider=openprovider
be,domain,renew,USD,19.6,provider=openprovider
be,domain,transfer,USD,9.2,provider=openprovider
beauty,domain,create,USD,20.98,provider=openprovider
beauty,domain,renew,USD,20.98,provider=openprovider
beauty,domain,transfer,USD,18.98,provider=openprovider
bedzin.pl,domain,create,USD,14.2,provider=openprovider
bedzin.pl,domain,renew,USD,34.08,provider=openprovider
bedzin.pl,domain,transfer,USD,0,provider=openprovider
beer,domain,create,USD,35.98,provider=openprovider
beer,domain,renew,USD,35.98,provider=openprovider
beer,domain,transfer,USD,35.98,provider=openprovider
belem.br,domain,create,USD,42.25,provider=openprovider
belem.br,domain,renew,USD,35.69,provider=openprovider
belem.br,domain,transfer,USD,0,provider=openprovider
belluno.it,domain,create,USD,19.56,provider=openprovider
belluno.it,domain,renew,USD,19.56,provider=openprovider
belluno.it,domain,transfer,USD,19.56,provider=openprovider
benevento.it,domain,create,USD,19.56,provider=openprovider
benevento.it,domain,renew,USD,19.56,provider=openprovider
benevento.it,domain,transfer,USD,19.56,provider=openprovider
bergamo.it,domain,create,USD,19.56,provider=openprovider
bergamo.it,domain,renew,USD,19.56,provider=openprovider
bergamo.it,domain,transfer,USD,19.56,provider=openprovider
berlin,domain,create,USD,88.28,provider=openprovider
berlin,domain,renew,USD,88.28,provider=openprovider
berlin,domain,transfer,USD,88.28,provider=openprovider
beskidy.pl,domain,create,USD,14.2,provider=openprovider
beskidy.pl,domain,renew,USD,34.08,provider=openprovider
beskidy.pl,domain,transfer,USD,0,provider=openprovider
best,domain,create,USD,31.89,provider=openprovider
best,domain,renew,USD,37.24,provider=openprovider
best,domain,transfer,USD,37.24,provider=openprovider
bet,domain,create,USD,27.98,provider=openprovider
bet,domain,renew,USD,27.98,provider=openprovider
bet,domain,transfer,USD,24.99,provider=openprovider
bg.it,domain,create,USD,19.56,provider=openprovider
bg.it,domain,renew,USD,19.56,provider=openprovider
bg.it,domain,transfer,USD,19.56,provider=openprovider
bh,domain,create,USD,145,provider=openprovider
bh,domain,renew,USD,170,provider=openprovider
bh,domain,transfer,USD,145,provider=openprovider
bi.it,domain,create,USD,19.56,provider=openprovider
bi.it,domain,renew,USD,19.56,provider=openprovider
bi.it,domain,transfer,USD,19.56,provider=openprovider
bialowieza.pl,domain,create,USD,14.2,provider=openprovider
bialowieza.pl,domain,renew,USD,34.08,provider=openprovider
bialowieza.pl,domain,transfer,USD,0,provider=openprovider
bialystok.pl,domain,create,USD,14.2,provider=openprovider
bialystok.pl,domain,renew,USD,34.08,provider=openprovider
bialystok.pl,domain,transfer,USD,0,provider=openprovider
bible,domain,create,USD,78.36,provider=openprovider
bible,domain,renew,USD,78.36,provider=openprovider
bible,domain,transfer,USD,78.36,provider=openprovider
bid,domain,create,USD,33,provider=openprovider
bid,domain,renew,USD,33,provider=openprovider
bid,domain,transfer,USD,33,provider=openprovider
bielawa.pl,domain,create,USD,14.2,provider=openprovider
bielawa.pl,domain,renew,USD,34.08,provider=openprovider
bielawa.pl,domain,transfer,USD,0,provider=openprovider
biella.it,domain,create,USD,19.56,provider=openprovider
biella.it,domain,renew,USD,19.56,provider=openprovider
biella.it,domain,transfer,USD,19.56,provider=openprovider
bieszczady.pl,domain,create,USD,14.2,provider=openprovider
bieszczady.pl,domain,renew,USD,34.08,provider=openprovider
bieszczady.pl,domain,transfer,USD,0,provider=openprovider
bihar.in,domain,create,USD,7.67,provider=openprovider
bihar.in,domain,renew,USD,10.96,provider=openprovider
bihar.in,domain,transfer,USD,7.67,provider=openprovider
bike,domain,create,USD,48,provider=openprovider
bike,domain,renew,USD,48,provider=openprovider
bike,domain,transfer,USD,48,provider=openprovider
bingo,domain,create,USD,54,provider=openprovider
bingo,domain,renew,USD,54,provider=openprovider
bingo,domain,transfer,USD,54,provider=openprovider
bio,domain,create,USD,69.98,provider=openprovider
bio,domain,renew,USD,63,provider=openprovider
bio,domain,transfer,USD,63,provider=openprovider
biz,domain,create,USD,21.98,provider=openprovider
biz,domain,renew,USD,28.98,provider=openprovider
biz,domain,transfer,USD,21.98,provider=openprovider
biz.bh,domain,create,USD,330,provider=openprovider
biz.bh,domain,renew,USD,330,provider=openprovider
biz.bh,domain,transfer,USD,330,provider=openprovider
biz.in,domain,create,USD,7.67,provider=openprovider
biz.in,domain,renew,USD,10.96,provider=openprovider
biz.in,domain,transfer,USD,7.67,provider=openprovider
biz.pl,domain,create,USD,34.08,provider=openprovider
biz.pl,domain,renew,USD,42.6,provider=openprovider
biz.pl,domain,transfer,USD,0,provider=openprovider
biz.ss,domain,create,USD,183.98,provider=openprovider
biz.ss,domain,renew,USD,183.98,provider=openprovider
biz.ss,domain,transfer,USD,183.98,provider=openprovider
biz.vn,domain,create,USD,145,provider=openprovider
biz.vn,domain,renew,USD,145,provider=openprovider
biz.vn,domain,transfer,USD,0,provider=openprovider
bj,domain,create,USD,62.55,provider=openprovider
bj,domain,renew,USD,62.55,provider=openprovider
bj,domain,transfer,USD,0,provider=openprovider
bj.cn,domain,create,USD,33.26,provider=openprovider
bj.cn,domain,renew,USD,33.26,provider=openprovider
bj.cn,domain,transfer,USD,33.26,provider=openprovider
bl.it,domain,create,USD,19.56,provider=openprovider
bl.it,domain,renew,USD,19.56,provider=openprovider
bl.it,domain,transfer,USD,19.56,provider=openprovider
black,domain,create,USD,66,provider=openprovider
black,domain,renew,USD,66,provider=openprovider
black,domain,transfer,USD,53.01,provider=openprovider
blackfriday,domain,create,USD,200.36,provider=openprovider
blackfriday,domain,renew,USD,200.36,provider=openprovider
blackfriday,domain,transfer,USD,200.36,provider=openprovider
blog,domain,create,USD,33,provider=openprovider
blog,domain,renew,USD,40.36,provider=openprovider
blog,domain,transfer,USD,40.36,provider=openprovider
blog.br,domain,create,USD,35.69,provider=openprovider
blog.br,domain,renew,USD,42.25,provider=openprovider
blog.br,domain,transfer,USD,0,provider=openprovider
blue,domain,create,USD,26.98,provider=openprovider
blue,domain,renew,USD,26.98,provider=openprovider
blue,domain,transfer,USD,26.98,provider=openprovider
bn.it,domain,create,USD,19.56,provider=openprovider
bn.it,domain,renew,USD,19.56,provider=openprovider
bn.it,domain,transfer,USD,19.56,provider=openprovider
bo,domain,create,USD,498,provider=openprovider
bo,domain,renew,USD,498,provider=openprovider
bo,domain,transfer,USD,498,provider=openprovider
bo.it,domain,create,USD,19.56,provider=openprovider
bo.it,domain,renew,USD,19.56,provider=openprovider
bo.it,domain,transfer,USD,19.56,provider=openprovider
boats,domain,create,USD,20.98,provider=openprovider
boats,domain,renew,USD,20.98,provider=openprovider
boats,domain,transfer,USD,20.98,provider=openprovider
boleslawiec.pl,domain,create,USD,14.2,provider=openprovider
boleslawiec.pl,domain,renew,USD,34.08,provider=openprovider
boleslawiec.pl,domain,transfer,USD,0,provider=openprovider
bologna.it,domain,create,USD,19.56,provider=openprovider
bologna.it,domain,renew,USD,19.56,provider=openprovider
bologna.it,domain,transfer,USD,19.56,provider=openprovider
bolzano-altoadige.it,domain,create,USD,19.56,provider=openprovider
bolzano-altoadige.it,domain,renew,USD,19.56,provider=openprovider
bolzano-altoadige.it,domain,transfer,USD,19.56,provider=openprovider
bolzano.it,domain,create,USD,19.56,provider=openprovider
bolzano.it,domain,renew,USD,19.56,provider=openprovider
bolzano.it,domain,transfer,USD,19.56,provider=openprovider
bond,domain,create,USD,25.98,provider=openprovider
bond,domain,renew,USD,25.98,provider=openprovider
bond,domain,transfer,USD,25.98,provider=openprovider
boo,domain,create,USD,14.98,provider=openprovider
boo,domain,renew,USD,14.98,provider=openprovider
boo,domain,transfer,USD,14.98,provider=openprovider
boston,domain,create,USD,21.98,provider=openprovider
boston,domain,renew,USD,24.98,provider=openprovider
boston,domain,transfer,USD,24.98,provider=openprovider
boutique,domain,create,USD,38,provider=openprovider
boutique,domain,renew,USD,38,provider=openprovider
boutique,domain,transfer,USD,38,provider=openprovider
bozen-sudtirol.it,domain,create,USD,19.56,provider=openprovider
bozen-sudtirol.it,domain,renew,USD,19.56,provider=openprovider
bozen-sudtirol.it,domain,transfer,USD,19.56,provider=openprovider
bozen-suedtirol.it,domain,create,USD,19.56,provider=openprovider
bozen-suedtirol.it,domain,renew,USD,19.56,provider=openprovider
bozen-suedtirol.it,domain,transfer,USD,19.56,provider=openprovider
bozen.it,domain,create,USD,19.56,provider=openprovider
bozen.it,domain,renew,USD,19.56,provider=openprovider
bozen.it,domain,transfer,USD,19.56,provider=openprovider
br.com,domain,create,USD,66,provider=openprovider
br.com,domain,renew,USD,66,provider=openprovider
br.com,domain,transfer,USD,66,provider=openprovider
br.it,domain,create,USD,19.56,provider=openprovider
br.it,domain,renew,USD,19.56,provider=openprovider
br.it,domain,transfer,USD,19.56,provider=openprovider
brescia.it,domain,create,USD,19.56,provider=openprovider
brescia.it,domain,renew,USD,19.56,provider=openprovider
brescia.it,domain,transfer,USD,19.56,provider=openprovider
brindisi.it,domain,create,USD,19.56,provider=openprovider
brindisi.it,domain,renew,USD,19.56,provider=openprovider
brindisi.it,domain,transfer,USD,19.56,provider=openprovider
broker,domain,create,USD,42,provider=openprovider
broker,domain,renew,USD,42,provider=openprovider
broker,domain,transfer,USD,42,provider=openprovider
brussels,domain,create,USD,49.43,provider=openprovider
brussels,domain,renew,USD,49.43,provider=openprovider
brussels,domain,transfer,USD,49.43,provider=openprovider
bs.it,domain,create,USD,19.56,provider=openprovider
bs.it,domain,renew,USD,19.56,provider=openprovider
bs.it,domain,transfer,USD,19.56,provider=openprovider
bt.it,domain,create,USD,19.56,provider=openprovider
bt.it,domain,renew,USD,19.56,provider=openprovider
bt.it,domain,transfer,USD,19.56,provider=openprovider
build,domain,create,USD,75,provider=openprovider
build,domain,renew,USD,80,provider=openprovider
build,domain,transfer,USD,75,provider=openprovider
builders,domain,create,USD,45,provider=openprovider
builders,domain,renew,USD,45,provider=openprovider
builders,domain,transfer,USD,45,provider=openprovider
bulsan-sudtirol.it,domain,create,USD,19.56,provider=openprovider
bulsan-sudtirol.it,domain,renew,USD,19.56,provider=openprovider
bulsan-sudtirol.it,domain,transfer,USD,19.56,provider=openprovider
bulsan-suedtirol.it,domain,create,USD,19.56,provider=openprovider
bulsan-suedtirol.it,domain,renew,USD,19.56,provider=openprovider
bulsan-suedtirol.it,domain,transfer,USD,19.56,provider=openprovider
bulsan.it,domain,create,USD,19.56,provider=openprovider
bulsan.it,domain,renew,USD,19.56,provider=openprovider
bulsan.it,domain,transfer,USD,19.56,provider=openprovider
business,domain,create,USD,20.5,provider=openprovider
business,domain,renew,USD,20.5,provider=openprovider
business,domain,transfer,USD,20.5,provider=openprovider
business.in,domain,create,USD,7.67,provider=openprovider
business.in,domain,renew,USD,10.96,provider=openprovider
business.in,domain,transfer,USD,7.67,provider=openprovider
buzz,domain,create,USD,50.34,provider=openprovider
buzz,domain,renew,USD,50.36,provider=openprovider
buzz,domain,transfer,USD,50.36,provider=openprovider
bw,domain,create,USD,870.82,provider=openprovider
bw,domain,renew,USD,870.82,provider=openprovider
bw,domain,transfer,USD,0,provider=openprovider
bydgoszcz.pl,domain,create,USD,14.2,provider=openprovider
bydgoszcz.pl,domain,renew,USD,34.08,provider=openprovider
bydgoszcz.pl,domain,transfer,USD,0,provider=openprovider
bytom.pl,domain,create,USD,14.2,provider=openprovider
bytom.pl,domain,renew,USD,34.08,provider=openprovider
bytom.pl,domain,transfer,USD,0,provider=openprovider
bz,domain,create,USD,42,provider=openprovider
bz,domain,renew,USD,42,provider=openprovider
bz,domain,transfer,USD,42,provider=openprovider
bz.it,domain,create,USD,19.56,provider=openprovider
bz.it,domain,renew,USD,19.56,provider=openprovider
bz.it,domain,transfer,USD,19.56,provider=openprovider
bzh,domain,create,USD,86.22,provider=openprovider
bzh,domain,renew,USD,86.22,provider=openprovider
bzh,domain,transfer,USD,86.22,provider=openprovider
ca,domain,create,USD,12.19,provider=openprovider
ca,domain,renew,USD,19.82,provider=openprovider
ca,domain,transfer,USD,19.82,provider=openprovider
ca.in,domain,create,USD,7.67,provider=openprovider
ca.in,domain,renew,USD,10.96,provider=openprovider
ca.in,domain,transfer,USD,7.67,provider=openprovider
ca.it,domain,create,USD,19.56,provider=openprovider
ca.it,domain,renew,USD,19.56,provider=openprovider
ca.it,domain,transfer,USD,19.56,provider=openprovider
cab,domain,create,USD,41,provider=openprovider
cab,domain,renew,USD,41,provider=openprovider
cab,domain,transfer,USD,41,provider=openprovider
cafe,domain,create,USD,59,provider=openprovider
cafe,domain,renew,USD,59,provider=openprovider
cafe,domain,transfer,USD,59,provider=openprovider
cagliari.it,domain,create,USD,19.56,provider=openprovider
cagliari.it,domain,renew,USD,19.56,provider=openprovider
cagliari.it,domain,transfer,USD,19.56,provider=openprovider
cal.it,domain,create,USD,19.56,provider=openprovider
cal.it,domain,renew,USD,19.56,provider=openprovider
cal.it,domain,transfer,USD,19.56,provider=openprovider
calabria.it,domain,create,USD,19.56,provider=openprovider
calabria.it,domain,renew,USD,19.56,provider=openprovider
calabria.it,domain,transfer,USD,19.56,provider=openprovider
caltanissetta.it,domain,create,USD,19.56,provider=openprovider
caltanissetta.it,domain,renew,USD,19.56,provider=openprovider
caltanissetta.it,domain,transfer,USD,19.56,provider=openprovider
cam,domain,create,USD,32,provider=openprovider
cam,domain,renew,USD,32,provider=openprovider
cam,domain,transfer,USD,32,provider=openprovider
cam.it,domain,create,USD,19.56,provider=openprovider
cam.it,domain,renew,USD,19.56,provider=openprovider
cam.it,domain,transfer,USD,19.56,provider=openprovider
camera,domain,create,USD,55,provider=openprovider
camera,domain,renew,USD,55,provider=openprovider
camera,domain,transfer,USD,55,provider=openprovider
camp,domain,create,USD,68,provider=openprovider
camp,domain,renew,USD,68,provider=openprovider
camp,domain,transfer,USD,68,provider=openprovider
campania.it,domain,create,USD,19.56,provider=openprovider
campania.it,domain,renew,USD,19.56,provider=openprovider
campania.it,domain,transfer,USD,19.56,provider=openprovider
campidano-medio.it,domain,create,USD,19.56,provider=openprovider
campidano-medio.it,domain,renew,USD,19.56,provider=openprovider
campidano-medio.it,domain,transfer,USD,19.56,provider=openprovider
campidanomedio.it,domain,create,USD,19.56,provider=openprovider
campidanomedio.it,domain,renew,USD,19.56,provider=openprovider
campidanomedio.it,domain,transfer,USD,19.56,provider=openprovider
campobasso.it,domain,create,USD,19.56,provider=openprovider
campobasso.it,domain,renew,USD,19.56,provider=openprovider
campobasso.it,domain,transfer,USD,19.56,provider=openprovider
capetown,domain,create,USD,21.42,provider=openprovider
capetown,domain,renew,USD,21.42,provider=openprovider
capetown,domain,transfer,USD,21.42,provider=openprovider
capital,domain,create,USD,69.99,provider=openprovider
capital,domain,renew,USD,69.99,provider=openprovider
capital,domain,transfer,USD,69.99,provider=openprovider
car,domain,create,USD,4000.36,provider=openprovider
car,domain,renew,USD,4000.36,provider=openprovider
car,domain,transfer,USD,2552,provider=openprovider
carbonia-iglesias.it,domain,create,USD,19.56,provider=openprovider
carbonia-iglesias.it,domain,renew,USD,19.56,provider=openprovider
carbonia-iglesias.it,domain,transfer,USD,19.56,provider=openprovider
carboniaiglesias.it,domain,create,USD,19.56,provider=openprovider
carboniaiglesias.it,domain,renew,USD,19.56,provider=openprovider
carboniaiglesias.it,domain,transfer,USD,19.56,provider=openprovider
cards,domain,create,USD,48,provider=openprovider
cards,domain,renew,USD,48,provider=openprovider
cards,domain,transfer,USD,48,provider=openprovider
care,domain,create,USD,49,provider=openprovider
care,domain,renew,USD,49,provider=openprovider
care,domain,transfer,USD,49,provider=openprovider
career,domain,create,USD,148.36,provider=openprovider
career,domain,renew,USD,148.36,provider=openprovider
career,domain,transfer,USD,100,provider=openprovider
careers,domain,create,USD,69.9,provider=openprovider
careers,domain,renew,USD,69.9,provider=openprovider
careers,domain,transfer,USD,69.9,provider=openprovider
carrara-massa.it,domain,create,USD,19.56,provider=openprovider
carrara-massa.it,domain,renew,USD,19.56,provider=openprovider
carrara-massa.it,domain,transfer,USD,19.56,provider=openprovider
carraramassa.it,domain,create,USD,19.56,provider=openprovider
carraramassa.it,domain,renew,USD,19.56,provider=openprovider
carraramassa.it,domain,transfer,USD,19.56,provider=openprovider
cars,domain,create,USD,4000.36,provider=openprovider
cars,domain,renew,USD,4000.36,provider=openprovider
cars,domain,transfer,USD,4000.36,provider=openprovider
casa,domain,create,USD,12.98,provider=openprovider
casa,domain,renew,USD,14.98,provider=openprovider
casa,domain,transfer,USD,12.98,provider=openprovider
case,domain,create,USD,2200,provider=openprovider
case,domain,renew,USD,2600,provider=openprovider
case,domain,transfer,USD,2200,provider=openprovider
caserta.it,domain,create,USD,19.56,provider=openprovider
caserta.it,domain,renew,USD,19.56,provider=openprovider
caserta.it,domain,transfer,USD,19.56,provider=openprovider
cash,domain,create,USD,51.98,provider=openprovider
cash,domain,renew,USD,51.98,provider=openprovider
cash,domain,transfer,USD,51.98,provider=openprovider
casino,domain,create,USD,155,provider=openprovider
casino,domain,renew,USD,155,provider=openprovider
casino,domain,transfer,USD,155,provider=openprovider
cat,domain,create,USD,19.61,provider=openprovider
cat,domain,renew,USD,36.78,provider=openprovider
cat,domain,transfer,USD,36.78,provider=openprovider
catania.it,domain,create,USD,19.56,provider=openprovider
catania.it,domain,renew,USD,19.56,provider=openprovider
catania.it,domain,transfer,USD,19.56,provider=openprovider
catanzaro.it,domain,create,USD,19.56,provider=openprovider
catanzaro.it,domain,renew,USD,19.56,provider=openprovider
catanzaro.it,domain,transfer,USD,19.56,provider=openprovider
catering,domain,create,USD,48,provider=openprovider
catering,domain,renew,USD,48,provider=openprovider
catering,domain,transfer,USD,48,provider=openprovider
cb.it,domain,create,USD,19.56,provider=openprovider
cb.it,domain,renew,USD,19.56,provider=openprovider
cb.it,domain,transfer,USD,19.56,provider=openprovider
cc,domain,create,USD,8.99,provider=openprovider
cc,domain,renew,USD,29.99,provider=openprovider
cc,domain,transfer,USD,29.99,provider=openprovider
cc.bh,domain,create,USD,330,provider=openprovider
cc.bh,domain,renew,USD,330,provider=openprovider
cc.bh,domain,transfer,USD,330,provider=openprovider
cd,domain,create,USD,120,provider=openprovider
cd,domain,renew,USD,95,provider=openprovider
cd,domain,transfer,USD,95,provider=openprovider
ce.it,domain,create,USD,19.56,provider=openprovider
ce.it,domain,renew,USD,19.56,provider=openprovider
ce.it,domain,transfer,USD,19.56,provider=openprovider
center,domain,create,USD,37,provider=openprovider
center,domain,renew,USD,37,provider=openprovider
center,domain,transfer,USD,37,provider=openprovider
ceo,domain,create,USD,114.98,provider=openprovider
ceo,domain,renew,USD,114.98,provider=openprovider
ceo,domain,transfer,USD,114.98,provider=openprovider
cesena-forli.it,domain,create,USD,19.56,provider=openprovider
cesena-forli.it,domain,renew,USD,19.56,provider=openprovider
cesena-forli.it,domain,transfer,USD,19.56,provider=openprovider
cesenaforli.it,domain,create,USD,19.56,provider=openprovider
cesenaforli.it,domain,renew,USD,19.56,provider=openprovider
cesenaforli.it,domain,transfer,USD,19.56,provider=openprovider
cf,domain,create,USD,52.74,provider=openprovider
cf,domain,renew,USD,52.74,provider=openprovider
cf,domain,transfer,USD,0,provider=openprovider
cfd,domain,create,USD,25.98,provider=openprovider
cfd,domain,renew,USD,25.98,provider=openprovider
cfd,domain,transfer,USD,25.98,provider=openprovider
ch,domain,create,USD,9.19,provider=openprovider
ch,domain,renew,USD,28.9,provider=openprovider
ch,domain,transfer,USD,0,provider=openprovider
ch.it,domain,create,USD,19.56,provider=openprovider
ch.it,domain,renew,USD,19.56,provider=openprovider
ch.it,domain,transfer,USD,19.56,provider=openprovider
ch.pr,domain,create,USD,294,provider=openprovider
ch.pr,domain,renew,USD,294,provider=openprovider
ch.pr,domain,transfer,USD,294,provider=openprovider
channel,domain,create,USD,13.99,provider=openprovider
channel,domain,renew,USD,19.98,provider=openprovider
channel,domain,transfer,USD,13.99,provider=openprovider
charity,domain,create,USD,43.36,provider=openprovider
charity,domain,renew,USD,43.36,provider=openprovider
charity,domain,transfer,USD,43.36,provider=openprovider
chat,domain,create,USD,55,provider=openprovider
chat,domain,renew,USD,55,provider=openprovider
chat,domain,transfer,USD,55,provider=openprovider
cheap,domain,create,USD,41,provider=openprovider
cheap,domain,renew,USD,41,provider=openprovider
cheap,domain,transfer,USD,41,provider=openprovider
chieti.it,domain,create,USD,19.56,provider=openprovider
chieti.it,domain,renew,USD,19.56,provider=openprovider
chieti.it,domain,transfer,USD,19.56,provider=openprovider
christmas,domain,create,USD,60.36,provider=openprovider
christmas,domain,renew,USD,60.36,provider=openprovider
christmas,domain,transfer,USD,60.36,provider=openprovider
church,domain,create,USD,65,provider=openprovider
church,domain,renew,USD,65,provider=openprovider
church,domain,transfer,USD,65,provider=openprovider
ci,domain,create,USD,97,provider=openprovider
ci,domain,renew,USD,40,provider=openprovider
ci,domain,transfer,USD,142,provider=openprovider
ci.it,domain,create,USD,19.56,provider=openprovider
ci.it,domain,renew,USD,19.56,provider=openprovider
ci.it,domain,transfer,USD,19.56,provider=openprovider
cieszyn.pl,domain,create,USD,14.2,provider=openprovider
cieszyn.pl,domain,renew,USD,34.08,provider=openprovider
cieszyn.pl,domain,transfer,USD,0,provider=openprovider
city,domain,create,USD,29.98,provider=openprovider
city,domain,renew,USD,29.98,provider=openprovider
city,domain,transfer,USD,29.98,provider=openprovider
cl,domain,create,USD,13.2,provider=openprovider
cl,domain,renew,USD,18.7,provider=openprovider
cl,domain,transfer,USD,13.2,provider=openprovider
cl.it,domain,create,USD,19.56,provider=openprovider
cl.it,domain,renew,USD,19.56,provider=openprovider
cl.it,domain,transfer,USD,19.56,provider=openprovider
claims,domain,create,USD,58,provider=openprovider
claims,domain,renew,USD,58,provider=openprovider
claims,domain,transfer,USD,58,provider=openprovider
cleaning,domain,create,USD,75,provider=openprovider
cleaning,domain,renew,USD,75,provider=openprovider
cleaning,domain,transfer,USD,75,provider=openprovider
click,domain,create,USD,19.98,provider=openprovider
click,domain,renew,USD,19.98,provider=openprovider
click,domain,transfer,USD,19.98,provider=openprovider
clinic,domain,create,USD,65,provider=openprovider
clinic,domain,renew,USD,65,provider=openprovider
clinic,domain,transfer,USD,65,provider=openprovider
clothing,domain,create,USD,38,provider=openprovider
clothing,domain,renew,USD,38,provider=openprovider
clothing,domain,transfer,USD,38,provider=openprovider
cloud,domain,create,USD,25.98,provider=openprovider
cloud,domain,renew,USD,35.98,provider=openprovider
cloud,domain,transfer,USD,25.98,provider=openprovider
club,domain,create,USD,19.98,provider=openprovider
club,domain,renew,USD,25.98,provider=openprovider
club,domain,transfer,USD,19.98,provider=openprovider
club.tw,domain,create,USD,63.99,provider=openprovider
club.tw,domain,renew,USD,63.99,provider=openprovider
club.tw,domain,transfer,USD,63.99,provider=openprovider
cm,domain,create,USD,193.79,provider=openprovider
cm,domain,renew,USD,193.79,provider=openprovider
cm,domain,transfer,USD,0,provider=openprovider
cn,domain,create,USD,32,provider=openprovider
cn,domain,renew,USD,32,provider=openprovider
cn,domain,transfer,USD,32,provider=openprovider
cn.com,domain,create,USD,39.98,provider=openprovider
cn.com,domain,renew,USD,39.98,provider=openprovider
cn.com,domain,transfer,USD,39.98,provider=openprovider
cn.in,domain,create,USD,7.67,provider=openprovider
cn.in,domain,renew,USD,10.96,provider=openprovider
cn.in,domain,transfer,USD,7.67,provider=openprovider
cn.it,domain,create,USD,19.56,provider=openprovider
cn.it,domain,renew,USD,19.56,provider=openprovider
cn.it,domain,transfer,USD,19.56,provider=openprovider
co,domain,create,USD,39.98,provider=openprovider
co,domain,renew,USD,46.98,provider=openprovider
co,domain,transfer,USD,39.98,provider=openprovider
co.ag,domain,create,USD,100,provider=openprovider
co.ag,domain,renew,USD,100,provider=openprovider
co.ag,domain,transfer,USD,100,provider=openprovider
co.ao,domain,create,USD,347.1,provider=openprovider
co.ao,domain,renew,USD,472.2,provider=openprovider
co.ao,domain,transfer,USD,347.1,provider=openprovider
co.at,domain,create,USD,23.3,provider=openprovider
co.at,domain,renew,USD,20.79,provider=openprovider
co.at,domain,transfer,USD,0,provider=openprovider
co.bi,domain,create,USD,127.56,provider=openprovider
co.bi,domain,renew,USD,127.56,provider=openprovider
co.bi,domain,transfer,USD,95.67,provider=openprovider
co.bj,domain,create,USD,49.06,provider=openprovider
co.bj,domain,renew,USD,40.47,provider=openprovider
co.bj,domain,transfer,USD,53.97,provider=openprovider
co.bw,domain,create,USD,153.31,provider=openprovider
co.bw,domain,renew,USD,153.31,provider=openprovider
co.bw,domain,transfer,USD,0,provider=openprovider
co.bz,domain,create,USD,70,provider=openprovider
co.bz,domain,renew,USD,70,provider=openprovider
co.bz,domain,transfer,USD,70,provider=openprovider
co.ci,domain,create,USD,97,provider=openprovider
co.ci,domain,renew,USD,40,provider=openprovider
co.ci,domain,transfer,USD,97,provider=openprovider
co.cm,domain,create,USD,161.5,provider=openprovider
co.cm,domain,renew,USD,161.5,provider=openprovider
co.cm,domain,transfer,USD,0,provider=openprovider
co.com,domain,create,USD,40,provider=openprovider
co.com,domain,renew,USD,40,provider=openprovider
co.com,domain,transfer,USD,40,provider=openprovider
co.dm,domain,create,USD,299,provider=openprovider
co.dm,domain,renew,USD,299,provider=openprovider
co.dm,domain,transfer,USD,299,provider=openprovider
co.gg,domain,create,USD,305.4,provider=openprovider
co.gg,domain,renew,USD,202.37,provider=openprovider
co.gg,domain,transfer,USD,202.37,provider=openprovider
co.gl,domain,create,USD,91.88,provider=openprovider
co.gl,domain,renew,USD,91.88,provider=openprovider
co.gl,domain,transfer,USD,91.88,provider=openprovider
co.gy,domain,create,USD,151,provider=openprovider
co.gy,domain,renew,USD,151,provider=openprovider
co.gy,domain,transfer,USD,151,provider=openprovider
co.hu,domain,create,USD,24.53,provider=openprovider
co.hu,domain,renew,USD,29.44,provider=openprovider
co.hu,domain,transfer,USD,147.18,provider=openprovider
co.il,domain,create,USD,56,provider=openprovider
co.il,domain,renew,USD,56,provider=openprovider
co.il,domain,transfer,USD,130,provider=openprovider
co.im,domain,create,USD,65.81,provider=openprovider
co.im,domain,renew,USD,65.81,provider=openprovider
co.im,domain,transfer,USD,0,provider=openprovider
co.in,domain,create,USD,7.67,provider=openprovider
co.in,domain,renew,USD,10.96,provider=openprovider
co.in,domain,transfer,USD,7.67,provider=openprovider
co.it,domain,create,USD,19.56,provider=openprovider
co.it,domain,renew,USD,19.56,provider=openprovider
co.it,domain,transfer,USD,19.56,provider=openprovider
co.je,domain,create,USD,233.04,provider=openprovider
co.je,domain,renew,USD,233.04,provider=openprovider
co.je,domain,transfer,USD,233.04,provider=openprovider
co.ke,domain,create,USD,174.16,provider=openprovider
co.ke,domain,renew,USD,174.16,provider=openprovider
co.ke,domain,transfer,USD,174.16,provider=openprovider
co.kr,domain,create,USD,60,provider=openprovider
co.kr,domain,renew,USD,72,provider=openprovider
co.kr,domain,transfer,USD,60,provider=openprovider
co.lc,domain,create,USD,29,provider=openprovider
co.lc,domain,renew,USD,29,provider=openprovider
co.lc,domain,transfer,USD,29,provider=openprovider
co.ma,domain,create,USD,180,provider=openprovider
co.ma,domain,renew,USD,180,provider=openprovider
co.ma,domain,transfer,USD,230,provider=openprovider
co.mg,domain,create,USD,244.69,provider=openprovider
co.mg,domain,renew,USD,244.69,provider=openprovider
co.mg,domain,transfer,USD,244.69,provider=openprovider
co.ms,domain,create,USD,129,provider=openprovider
co.ms,domain,renew,USD,129,provider=openprovider
co.ms,domain,transfer,USD,129,provider=openprovider
co.mu,domain,create,USD,98,provider=openprovider
co.mu,domain,renew,USD,98,provider=openprovider
co.mu,domain,transfer,USD,62,provider=openprovider
co.mw,domain,create,USD,208.51,provider=openprovider
co.mw,domain,renew,USD,452.58,provider=openprovider
co.mw,domain,transfer,USD,208.51,provider=openprovider
co.mz,domain,create,USD,355.69,provider=openprovider
co.mz,domain,renew,USD,304.17,provider=openprovider
co.mz,domain,transfer,USD,0,provider=openprovider
co.nl,domain,create,USD,20.79,provider=openprovider
co.nl,domain,renew,USD,20.79,provider=openprovider
co.nl,domain,transfer,USD,20.79,provider=openprovider
co.no,domain,create,USD,46.61,provider=openprovider
co.no,domain,renew,USD,46.61,provider=openprovider
co.no,domain,transfer,USD,0,provider=openprovider
co.nz,domain,create,USD,27.36,provider=openprovider
co.nz,domain,renew,USD,27.36,provider=openprovider
co.nz,domain,transfer,USD,0,provider=openprovider
co.om,domain,create,USD,225.68,provider=openprovider
co.om,domain,renew,USD,181.52,provider=openprovider
co.om,domain,transfer,USD,181.52,provider=openprovider
co.pn,domain,create,USD,153.31,provider=openprovider
co.pn,domain,renew,USD,153.31,provider=openprovider
co.pn,domain,transfer,USD,153.31,provider=openprovider
co.ro,domain,create,USD,398.61,provider=openprovider
co.ro,domain,renew,USD,171.71,provider=openprovider
co.ro,domain,transfer,USD,0,provider=openprovider
co.rw,domain,create,USD,600.99,provider=openprovider
co.rw,domain,renew,USD,600.99,provider=openprovider
co.rw,domain,transfer,USD,112.84,provider=openprovider
co.tz,domain,create,USD,73.59,provider=openprovider
co.tz,domain,renew,USD,91.99,provider=openprovider
co.tz,domain,transfer,USD,0,provider=openprovider
co.uk,domain,create,USD,7.15,provider=openprovider
co.uk,domain,renew,USD,17.88,provider=openprovider
co.uk,domain,transfer,USD,0,provider=openprovider
co.ve,domain,create,USD,98,provider=openprovider
co.ve,domain,renew,USD,98,provider=openprovider
co.ve,domain,transfer,USD,98,provider=openprovider
co.za,domain,create,USD,7.14,provider=openprovider
co.za,domain,renew,USD,13.63,provider=openprovider
co.za,domain,transfer,USD,0,provider=openprovider
co.zw,domain,create,USD,63.78,provider=openprovider
co.zw,domain,renew,USD,95.67,provider=openprovider
co.zw,domain,transfer,USD,63.78,provider=openprovider
coach,domain,create,USD,75.98,provider=openprovider
coach,domain,renew,USD,75.98,provider=openprovider
coach,domain,transfer,USD,75.98,provider=openprovider
codes,domain,create,USD,75,provider=openprovider
codes,domain,renew,USD,75,provider=openprovider
codes,domain,transfer,USD,75,provider=openprovider
coffee,domain,create,USD,51.9,provider=openprovider
coffee,domain,renew,USD,51.9,provider=openprovider
coffee,domain,transfer,USD,51.9,provider=openprovider
college,domain,create,USD,65,provider=openprovider
college,domain,renew,USD,95,provider=openprovider
college,domain,transfer,USD,95,provider=openprovider
cologne,domain,create,USD,36.77,provider=openprovider
cologne,domain,renew,USD,36.77,provider=openprovider
cologne,domain,transfer,USD,36.77,provider=openprovider
com,domain,create,USD,11.98,provider=openprovider
com,domain,renew,USD,16.98,provider=openprovider
com,domain,transfer,USD,11.98,provider=openprovider
com.af,domain,create,USD,66.8,provider=openprovider
com.af,domain,renew,USD,66.8,provider=openprovider
com.af,domain,transfer,USD,66.8,provider=openprovider
com.ag,domain,create,USD,100,provider=openprovider
com.ag,domain,renew,USD,100,provider=openprovider
com.ag,domain,transfer,USD,100,provider=openprovider
com.ai,domain,create,USD,109,provider=openprovider
com.ai,domain,renew,USD,134,provider=openprovider
com.ai,domain,transfer,USD,109,provider=openprovider
com.al,domain,create,USD,79,provider=openprovider
com.al,domain,renew,USD,75,provider=openprovider
com.al,domain,transfer,USD,75,provider=openprovider
com.au,domain,create,USD,14.91,provider=openprovider
com.au,domain,renew,USD,14.91,provider=openprovider
com.au,domain,transfer,USD,0,provider=openprovider
com.bd,domain,create,USD,235,provider=openprovider
com.bd,domain,renew,USD,85,provider=openprovider
com.bd,domain,transfer,USD,200,provider=openprovider
com.bh,domain,create,USD,330,provider=openprovider
com.bh,domain,renew,USD,330,provider=openprovider
com.bh,domain,transfer,USD,330,provider=openprovider
com.bi,domain,create,USD,127.56,provider=openprovider
com.bi,domain,renew,USD,127.56,provider=openprovider
com.bi,domain,transfer,USD,95.67,provider=openprovider
com.bj,domain,create,USD,62.55,provider=openprovider
com.bj,domain,renew,USD,62.55,provider=openprovider
com.bj,domain,transfer,USD,0,provider=openprovider
com.bo,domain,create,USD,199,provider=openprovider
com.bo,domain,renew,USD,199,provider=openprovider
com.bo,domain,transfer,USD,199,provider=openprovider
com.br,domain,create,USD,42.25,provider=openprovider
com.br,domain,renew,USD,42.25,provider=openprovider
com.br,domain,transfer,USD,0,provider=openprovider
com.bz,domain,create,USD,70,provider=openprovider
com.bz,domain,renew,USD,70,provider=openprovider
com.bz,domain,transfer,USD,70,provider=openprovider
com.ci,domain,create,USD,1348,provider=openprovider
com.ci,domain,renew,USD,1246,provider=openprovider
com.ci,domain,transfer,USD,150,provider=openprovider
com.cm,domain,create,USD,161.5,provider=openprovider
com.cm,domain,renew,USD,161.5,provider=openprovider
com.cm,domain,transfer,USD,0,provider=openprovider
com.cn,domain,create,USD,36,provider=openprovider
com.cn,domain,renew,USD,36,provider=openprovider
com.cn,domain,transfer,USD,36,provider=openprovider
com.co,domain,create,USD,19.8,provider=openprovider
com.co,domain,renew,USD,19.8,provider=openprovider
com.co,domain,transfer,USD,19.8,provider=openprovider
com.cv,domain,create,USD,343.42,provider=openprovider
com.cv,domain,renew,USD,343.42,provider=openprovider
com.cv,domain,transfer,USD,343.42,provider=openprovider
com.de,domain,create,USD,18.34,provider=openprovider
com.de,domain,renew,USD,18.34,provider=openprovider
com.de,domain,transfer,USD,18.34,provider=openprovider
com.ec,domain,create,USD,39.95,provider=openprovider
com.ec,domain,renew,USD,49.95,provider=openprovider
com.ec,domain,transfer,USD,49.95,provider=openprovider
com.ee,domain,create,USD,80.21,provider=openprovider
com.ee,domain,renew,USD,26.98,provider=openprovider
com.ee,domain,transfer,USD,0,provider=openprovider
com.eg,domain,create,USD,367.95,provider=openprovider
com.eg,domain,renew,USD,367.95,provider=openprovider
com.eg,domain,transfer,USD,367.95,provider=openprovider
com.es,domain,create,USD,2.44,provider=openprovider
com.es,domain,renew,USD,4.89,provider=openprovider
com.es,domain,transfer,USD,0,provider=openprovider
com.et,domain,create,USD,404.75,provider=openprovider
com.et,domain,renew,USD,404.75,provider=openprovider
com.et,domain,transfer,USD,404.75,provider=openprovider
com.ge,domain,create,USD,147.18,provider=openprovider
com.ge,domain,renew,USD,147.18,provider=openprovider
com.ge,domain,transfer,USD,147.18,provider=openprovider
com.gh,domain,create,USD,1067.06,provider=openprovider
com.gh,domain,renew,USD,1067.06,provider=openprovider
com.gh,domain,transfer,USD,0,provider=openprovider
com.gi,domain,create,USD,179.07,provider=openprovider
com.gi,domain,renew,USD,174.16,provider=openprovider
com.gi,domain,transfer,USD,174.16,provider=openprovider
com.gl,domain,create,USD,91.88,provider=openprovider
com.gl,domain,renew,USD,91.88,provider=openprovider
com.gl,domain,transfer,USD,91.88,provider=openprovider
com.gr,domain,create,USD,14.09,provider=openprovider
com.gr,domain,renew,USD,15.32,provider=openprovider
com.gr,domain,transfer,USD,0,provider=openprovider
com.gt,domain,create,USD,82,provider=openprovider
com.gt,domain,renew,USD,82,provider=openprovider
com.gt,domain,transfer,USD,0,provider=openprovider
com.gy,domain,create,USD,151,provider=openprovider
com.gy,domain,renew,USD,151,provider=openprovider
com.gy,domain,transfer,USD,151,provider=openprovider
com.hk,domain,create,USD,53.55,provider=openprovider
com.hk,domain,renew,USD,53.55,provider=openprovider
com.hk,domain,transfer,USD,0,provider=openprovider
com.hn,domain,create,USD,122,provider=openprovider
com.hn,domain,renew,USD,122,provider=openprovider
com.hn,domain,transfer,USD,87,provider=openprovider
com.ht,domain,create,USD,57,provider=openprovider
com.ht,domain,renew,USD,57,provider=openprovider
com.ht,domain,transfer,USD,57,provider=openprovider
com.im,domain,create,USD,42.92,provider=openprovider
com.im,domain,renew,USD,42.92,provider=openprovider
com.im,domain,transfer,USD,0,provider=openprovider
com.in,domain,create,USD,7.67,provider=openprovider
com.in,domain,renew,USD,10.96,provider=openprovider
com.in,domain,transfer,USD,7.67,provider=openprovider
com.ki,domain,create,USD,166.39,provider=openprovider
com.ki,domain,renew,USD,166.39,provider=openprovider
com.ki,domain,transfer,USD,89.54,provider=openprovider
com.kw,domain,create,USD,336.68,provider=openprovider
com.kw,domain,renew,USD,336.68,provider=openprovider
com.ky,domain,create,USD,97.83,provider=openprovider
com.ky,domain,renew,USD,97.83,provider=openprovider
com.ky,domain,transfer,USD,97.83,provider=openprovider
com.kz,domain,create,USD,120,provider=openprovider
com.kz,domain,renew,USD,120,provider=openprovider
com.kz,domain,transfer,USD,43,provider=openprovider
com.lc,domain,create,USD,29,provider=openprovider
com.lc,domain,renew,USD,29,provider=openprovider
com.lc,domain,transfer,USD,29,provider=openprovider
com.lk,domain,create,USD,47.7,provider=openprovider
com.lk,domain,renew,USD,47.7,provider=openprovider
com.lk,domain,transfer,USD,0,provider=openprovider
com.lv,domain,create,USD,28.15,provider=openprovider
com.lv,domain,renew,USD,28.15,provider=openprovider
com.lv,domain,transfer,USD,14.72,provider=openprovider
com.ly,domain,create,USD,141.05,provider=openprovider
com.ly,domain,renew,USD,141.05,provider=openprovider
com.ly,domain,transfer,USD,121,provider=openprovider
com.mg,domain,create,USD,154.54,provider=openprovider
com.mg,domain,renew,USD,154.54,provider=openprovider
com.mg,domain,transfer,USD,154.54,provider=openprovider
com.mk,domain,create,USD,51,provider=openprovider
com.mk,domain,renew,USD,51,provider=openprovider
com.mk,domain,transfer,USD,0,provider=openprovider
com.ms,domain,create,USD,129,provider=openprovider
com.ms,domain,renew,USD,129,provider=openprovider
com.ms,domain,transfer,USD,129,provider=openprovider
com.mt,domain,create,USD,79.72,provider=openprovider
com.mt,domain,renew,USD,61.31,provider=openprovider
com.mt,domain,transfer,USD,61.31,provider=openprovider
com.mu,domain,create,USD,109,provider=openprovider
com.mu,domain,renew,USD,109,provider=openprovider
com.mu,domain,transfer,USD,62,provider=openprovider
com.mw,domain,create,USD,208.51,provider=openprovider
com.mw,domain,renew,USD,208.51,provider=openprovider
com.mw,domain,transfer,USD,208.51,provider=openprovider
com.mx,domain,create,USD,15.98,provider=openprovider
com.mx,domain,renew,USD,37.98,provider=openprovider
com.mx,domain,transfer,USD,35.98,provider=openprovider
com.nf,domain,create,USD,123.5,provider=openprovider
com.nf,domain,renew,USD,123.5,provider=openprovider
com.nf,domain,transfer,USD,0,provider=openprovider
com.ng,domain,create,NGN,6000,provider=nira
com.ng,domain,create,USD,4.44,provider=nira
com.ng,domain,renew,NGN,6000,provider=nira
com.ng,domain,renew,USD,4.44,provider=nira
com.ng,domain,transfer,NGN,6000,provider=nira
com.ng,domain,transfer,USD,4.44,provider=nira
com.om,domain,create,USD,225.68,provider=openprovider
com.om,domain,renew,USD,181.52,provider=openprovider
com.om,domain,transfer,USD,181.52,provider=openprovider
com.pa,domain,create,USD,150,provider=openprovider
com.pa,domain,renew,USD,150,provider=openprovider
com.pa,domain,transfer,USD,150,provider=openprovider
com.pe,domain,create,USD,110,provider=openprovider
com.pe,domain,renew,USD,110,provider=openprovider
com.pe,domain,transfer,USD,110,provider=openprovider
com.ph,domain,create,USD,99.98,provider=openprovider
com.ph,domain,renew,USD,99.98,provider=openprovider
com.ph,domain,transfer,USD,29.98,provider=openprovider
com.pk,domain,create,USD,85.5,provider=openprovider
com.pk,domain,renew,USD,85.5,provider=openprovider
com.pk,domain,transfer,USD,85.5,provider=openprovider
com.pl,domain,create,USD,34.08,provider=openprovider
com.pl,domain,renew,USD,42.6,provider=openprovider
com.pl,domain,transfer,USD,0,provider=openprovider
com.ps,domain,create,USD,70,provider=openprovider
com.ps,domain,renew,USD,70,provider=openprovider
com.ps,domain,transfer,USD,65,provider=openprovider
com.pt,domain,create,USD,15.92,provider=openprovider
com.pt,domain,renew,USD,50.26,provider=openprovider
com.pt,domain,transfer,USD,0,provider=openprovider
com.py,domain,create,USD,180,provider=openprovider
com.py,domain,renew,USD,180,provider=openprovider
com.py,domain,transfer,USD,180,provider=openprovider
com.ro,domain,create,USD,18.37,provider=openprovider
com.ro,domain,renew,USD,18.37,provider=openprovider
com.ro,domain,transfer,USD,18.37,provider=openprovider
com.sb,domain,create,USD,119.04,provider=openprovider
com.sb,domain,renew,USD,119.04,provider=openprovider
com.sb,domain,transfer,USD,119.04,provider=openprovider
com.sc,domain,create,USD,85,provider=openprovider
com.sc,domain,renew,USD,160,provider=openprovider
com.sc,domain,transfer,USD,160,provider=openprovider
com.se,domain,create,USD,26.92,provider=openprovider
com.se,domain,renew,USD,26.92,provider=openprovider
com.se,domain,transfer,USD,26.92,provider=openprovider
com.sg,domain,create,USD,80,provider=openprovider
com.sg,domain,renew,USD,80,provider=openprovider
com.sg,domain,transfer,USD,80,provider=openprovider
com.so,domain,create,USD,80,provider=openprovider
com.so,domain,renew,USD,80,provider=openprovider
com.so,domain,transfer,USD,0,provider=openprovider
com.ss,domain,create,USD,183.98,provider=openprovider
com.ss,domain,renew,USD,183.98,provider=openprovider
com.ss,domain,transfer,USD,176.62,provider=openprovider
com.tl,domain,create,USD,110.39,provider=openprovider
com.tl,domain,renew,USD,110.39,provider=openprovider
com.tl,domain,transfer,USD,73.59,provider=openprovider
com.tn,domain,create,USD,228.13,provider=openprovider
com.tn,domain,renew,USD,228.13,provider=openprovider
com.tn,domain,transfer,USD,228.13,provider=openprovider
com.tw,domain,create,USD,63.99,provider=openprovider
com.tw,domain,renew,USD,63.99,provider=openprovider
com.tw,domain,transfer,USD,63.99,provider=openprovider
com.ua,domain,create,USD,24.47,provider=openprovider
com.ua,domain,renew,USD,42.3,provider=openprovider
com.ua,domain,transfer,USD,42.3,provider=openprovider
com.ug,domain,create,USD,152.09,provider=openprovider
com.ug,domain,renew,USD,152.09,provider=openprovider
com.ug,domain,transfer,USD,0,provider=openprovider
com.uy,domain,create,USD,180,provider=openprovider
com.uy,domain,renew,USD,180,provider=openprovider
com.uy,domain,transfer,USD,180,provider=openprovider
com.vc,domain,create,USD,51,provider=openprovider
com.vc,domain,renew,USD,51,provider=openprovider
com.vc,domain,transfer,USD,51,provider=openprovider
com.ve,domain,create,USD,98,provider=openprovider
com.ve,domain,renew,USD,98,provider=openprovider
com.ve,domain,transfer,USD,49,provider=openprovider
com.vn,domain,create,USD,145,provider=openprovider
com.vn,domain,renew,USD,145,provider=openprovider
com.vn,domain,transfer,USD,0,provider=openprovider
com.vu,domain,create,USD,194,provider=openprovider
com.vu,domain,renew,USD,97,provider=openprovider
com.vu,domain,transfer,USD,97,provider=openprovider
community,domain,create,USD,49.98,provider=openprovider
community,domain,renew,USD,49.98,provider=openprovider
community,domain,transfer,USD,49.98,provider=openprovider
como.it,domain,create,USD,19.56,provider=openprovider
como.it,domain,renew,USD,19.56,provider=openprovider
como.it,domain,transfer,USD,19.56,provider=openprovider
company,domain,create,USD,24.5,provider=openprovider
company,domain,renew,USD,24.5,provider=openprovider
company,domain,transfer,USD,24.5,provider=openprovider
compare,domain,create,USD,35.98,provider=openprovider
compare,domain,renew,USD,35.98,provider=openprovider
compare,domain,transfer,USD,35.98,provider=openprovider
computer,domain,create,USD,48,provider=openprovider
computer,domain,renew,USD,48,provider=openprovider
computer,domain,transfer,USD,48,provider=openprovider
condos,domain,create,USD,57,provider=openprovider
condos,domain,renew,USD,57,provider=openprovider
condos,domain,transfer,USD,57,provider=openprovider
conf.lv,domain,create,USD,28.15,provider=openprovider
conf.lv,domain,renew,USD,28.15,provider=openprovider
conf.lv,domain,transfer,USD,14.72,provider=openprovider
construction,domain,create,USD,48,provider=openprovider
construction,domain,renew,USD,48,provider=openprovider
construction,domain,transfer,USD,48,provider=openprovider
consulting,domain,create,USD,56.9,provider=openprovider
consulting,domain,renew,USD,56.9,provider=openprovider
consulting,domain,transfer,USD,56.9,provider=openprovider
contact,domain,create,USD,27,provider=openprovider
contact,domain,renew,USD,19,provider=openprovider
contact,domain,transfer,USD,27,provider=openprovider
contractors,domain,create,USD,39,provider=openprovider
contractors,domain,renew,USD,39,provider=openprovider
contractors,domain,transfer,USD,39,provider=openprovider
cooking,domain,create,USD,35.98,provider=openprovider
cooking,domain,renew,USD,35.98,provider=openprovider
cooking,domain,transfer,USD,35.98,provider=openprovider
cool,domain,create,USD,55,provider=openprovider
cool,domain,renew,USD,55,provider=openprovider
cool,domain,transfer,USD,55,provider=openprovider
coop,domain,create,USD,180,provider=openprovider
coop,domain,renew,USD,180,provider=openprovider
coop,domain,transfer,USD,180,provider=openprovider
coop.in,domain,create,USD,7.67,provider=openprovider
coop.in,domain,renew,USD,10.96,provider=openprovider
coop.in,domain,transfer,USD,7.67,provider=openprovider
corsica,domain,create,USD,61.33,provider=openprovider
corsica,domain,renew,USD,61.33,provider=openprovider
corsica,domain,transfer,USD,61.33,provider=openprovider
cosenza.it,domain,create,USD,19.56,provider=openprovider
cosenza.it,domain,renew,USD,19.56,provider=openprovider
cosenza.it,domain,transfer,USD,19.56,provider=openprovider
country,domain,create,USD,2200,provider=openprovider
country,domain,renew,USD,2600,provider=openprovider
country,domain,transfer,USD,2200,provider=openprovider
coupons,domain,create,USD,55,provider=openprovider
coupons,domain,renew,USD,55,provider=openprovider
coupons,domain,transfer,USD,55,provider=openprovider
courses,domain,create,USD,39.98,provider=openprovider
courses,domain,renew,USD,49.98,provider=openprovider
courses,domain,transfer,USD,39.98,provider=openprovider
cpa.pro,domain,create,USD,222,provider=openprovider
cpa.pro,domain,renew,USD,222,provider=openprovider
cpa.pro,domain,transfer,USD,226,provider=openprovider
cq.cn,domain,create,USD,33.26,provider=openprovider
cq.cn,domain,renew,USD,33.26,provider=openprovider
cq.cn,domain,transfer,USD,33.26,provider=openprovider
cr.it,domain,create,USD,19.56,provider=openprovider
cr.it,domain,renew,USD,19.56,provider=openprovider
cr.it,domain,transfer,USD,19.56,provider=openprovider
credit,domain,create,USD,105,provider=openprovider
credit,domain,renew,USD,105,provider=openprovider
credit,domain,transfer,USD,105,provider=openprovider
creditcard,domain,create,USD,135.5,provider=openprovider
creditcard,domain,renew,USD,199,provider=openprovider
creditcard,domain,transfer,USD,135.5,provider=openprovider
creditunion,domain,create,USD,200.36,provider=openprovider
creditunion,domain,renew,USD,200.36,provider=openprovider
creditunion,domain,transfer,USD,126,provider=openprovider
cremona.it,domain,create,USD,19.56,provider=openprovider
cremona.it,domain,renew,USD,19.56,provider=openprovider
cremona.it,domain,transfer,USD,19.56,provider=openprovider
cricket,domain,create,USD,38,provider=openprovider
cricket,domain,renew,USD,40,provider=openprovider
cricket,domain,transfer,USD,38,provider=openprovider
crotone.it,domain,create,USD,19.56,provider=openprovider
crotone.it,domain,renew,USD,19.56,provider=openprovider
crotone.it,domain,transfer,USD,19.56,provider=openprovider
cruises,domain,create,USD,57,provider=openprovider
cruises,domain,renew,USD,57,provider=openprovider
cruises,domain,transfer,USD,57,provider=openprovider
cs.in,domain,create,USD,7.67,provider=openprovider
cs.in,domain,renew,USD,10.96,provider=openprovider
cs.in,domain,transfer,USD,7.67,provider=openprovider
cs.it,domain,create,USD,19.56,provider=openprovider
cs.it,domain,renew,USD,19.56,provider=openprovider
cs.it,domain,transfer,USD,19.56,provider=openprovider
ct.it,domain,create,USD,19.56,provider=openprovider
ct.it,domain,renew,USD,19.56,provider=openprovider
ct.it,domain,transfer,USD,19.56,provider=openprovider
cue.ec,domain,create,USD,39.95,provider=openprovider
cue.ec,domain,renew,USD,39.95,provider=openprovider
cue.ec,domain,transfer,USD,39.95,provider=openprovider
cuneo.it,domain,create,USD,19.56,provider=openprovider
cuneo.it,domain,renew,USD,19.56,provider=openprovider
cuneo.it,domain,transfer,USD,19.56,provider=openprovider
cv,domain,create,USD,343.42,provider=openprovider
cv,domain,renew,USD,343.42,provider=openprovider
cv,domain,transfer,USD,343.42,provider=openprovider
cx,domain,create,USD,38,provider=openprovider
cx,domain,renew,USD,42,provider=openprovider
cx,domain,transfer,USD,38,provider=openprovider
cymru,domain,create,USD,27.18,provider=openprovider
cymru,domain,renew,USD,27.18,provider=openprovider
cymru,domain,transfer,USD,27.18,provider=openprovider
cyou,domain,create,USD,25.98,provider=openprovider
cyou,domain,renew,USD,25.98,provider=openprovider
cyou,domain,transfer,USD,25.98,provider=openprovider
cz,domain,create,USD,11.76,provider=openprovider
cz,domain,renew,USD,11.76,provider=openprovider
cz,domain,transfer,USD,0,provider=openprovider
cz.it,domain,create,USD,19.56,provider=openprovider
cz.it,domain,renew,USD,19.56,provider=openprovider
cz.it,domain,transfer,USD,19.56,provider=openprovider
czeladz.pl,domain,create,USD,14.2,provider=openprovider
czeladz.pl,domain,renew,USD,34.08,provider=openprovider
czeladz.pl,domain,transfer,USD,0,provider=openprovider
czest.pl,domain,create,USD,14.2,provider=openprovider
czest.pl,domain,renew,USD,34.08,provider=openprovider
czest.pl,domain,transfer,USD,0,provider=openprovider
dad,domain,create,USD,12,provider=openprovider
dad,domain,renew,USD,17,provider=openprovider
dad,domain,transfer,USD,12,provider=openprovider
dance,domain,create,USD,32,provider=openprovider
dance,domain,renew,USD,32,provider=openprovider
dance,domain,transfer,USD,32,provider=openprovider
date,domain,create,USD,33,provider=openprovider
date,domain,renew,USD,33,provider=openprovider
date,domain,transfer,USD,33,provider=openprovider
dating,domain,create,USD,65,provider=openprovider
dating,domain,renew,USD,65,provider=openprovider
dating,domain,transfer,USD,65,provider=openprovider
day,domain,create,USD,14.98,provider=openprovider
day,domain,renew,USD,14.98,provider=openprovider
day,domain,transfer,USD,14.98,provider=openprovider
de,domain,create,USD,5.7,provider=openprovider
de,domain,renew,USD,5.7,provider=openprovider
de,domain,transfer,USD,5.7,provider=openprovider
de.com,domain,create,USD,34.28,provider=openprovider
de.com,domain,renew,USD,34.28,provider=openprovider
de.com,domain,transfer,USD,34.28,provider=openprovider
de.pr,domain,create,USD,294,provider=openprovider
de.pr,domain,renew,USD,294,provider=openprovider
de.pr,domain,transfer,USD,294,provider=openprovider
dealer,domain,create,USD,2400,provider=openprovider
dealer,domain,renew,USD,4000,provider=openprovider
dealer,domain,transfer,USD,2400,provider=openprovider
deals,domain,create,USD,48,provider=openprovider
deals,domain,renew,USD,48,provider=openprovider
deals,domain,transfer,USD,48,provider=openprovider
degree,domain,create,USD,54.9,provider=openprovider
degree,domain,renew,USD,54.9,provider=openprovider
degree,domain,transfer,USD,54.9,provider=openprovider
delhi.in,domain,create,USD,7.67,provider=openprovider
delhi.in,domain,renew,USD,10.96,provider=openprovider
delhi.in,domain,transfer,USD,7.67,provider=openprovider
delivery,domain,create,USD,68,provider=openprovider
delivery,domain,renew,USD,68,provider=openprovider
delivery,domain,transfer,USD,68,provider=openprovider
dell-ogliastra.it,domain,create,USD,19.56,provider=openprovider
dell-ogliastra.it,domain,renew,USD,19.56,provider=openprovider
dell-ogliastra.it,domain,transfer,USD,19.56,provider=openprovider
dellogliastra.it,domain,create,USD,19.56,provider=openprovider
dellogliastra.it,domain,renew,USD,19.56,provider=openprovider
dellogliastra.it,domain,transfer,USD,19.56,provider=openprovider
democrat,domain,create,USD,48,provider=openprovider
democrat,domain,renew,USD,48,provider=openprovider
democrat,domain,transfer,USD,48,provider=openprovider
dental,domain,create,USD,75,provider=openprovider
dental,domain,renew,USD,75,provider=openprovider
dental,domain,transfer,USD,75,provider=openprovider
dentist,domain,create,USD,60,provider=openprovider
dentist,domain,renew,USD,60,provider=openprovider
dentist,domain,transfer,USD,60,provider=openprovider
desi,domain,create,USD,24.36,provider=openprovider
desi,domain,renew,USD,24.36,provider=openprovider
desi,domain,transfer,USD,24.36,provider=openprovider
design,domain,create,USD,50.98,provider=openprovider
design,domain,renew,USD,69.98,provider=openprovider
design,domain,transfer,USD,50.98,provider=openprovider
dev,domain,create,USD,23.98,provider=openprovider
dev,domain,renew,USD,23.98,provider=openprovider
dev,domain,transfer,USD,23.98,provider=openprovider
diamonds,domain,create,USD,55,provider=openprovider
diamonds,domain,renew,USD,55,provider=openprovider
diamonds,domain,transfer,USD,55,provider=openprovider
diet,domain,create,USD,200.36,provider=openprovider
diet,domain,renew,USD,200.36,provider=openprovider
diet,domain,transfer,USD,200.36,provider=openprovider
digital,domain,create,USD,47,provider=openprovider
digital,domain,renew,USD,47,provider=openprovider
digital,domain,transfer,USD,47,provider=openprovider
direct,domain,create,USD,50,provider=openprovider
direct,domain,renew,USD,50,provider=openprovider
direct,domain,transfer,USD,50,provider=openprovider
directory,domain,create,USD,27.99,provider=openprovider
directory,domain,renew,USD,27.99,provider=openprovider
directory,domain,transfer,USD,27.99,provider=openprovider
disco.ec,domain,create,USD,39.95,provider=openprovider
disco.ec,domain,renew,USD,39.95,provider=openprovider
disco.ec,domain,transfer,USD,39.95,provider=openprovider
discount,domain,create,USD,39,provider=openprovider
discount,domain,renew,USD,39,provider=openprovider
discount,domain,transfer,USD,39,provider=openprovider
diy,domain,create,USD,45,provider=openprovider
diy,domain,renew,USD,45,provider=openprovider
diy,domain,transfer,USD,45,provider=openprovider
dj,domain,create,USD,122.65,provider=openprovider
dj,domain,renew,USD,122.65,provider=openprovider
dj,domain,transfer,USD,122.65,provider=openprovider
dk,domain,create,USD,10.99,provider=openprovider
dk,domain,renew,USD,10.99,provider=openprovider
dk,domain,transfer,USD,0,provider=openprovider
dlugoleka.pl,domain,create,USD,14.2,provider=openprovider
dlugoleka.pl,domain,renew,USD,34.08,provider=openprovider
dlugoleka.pl,domain,transfer,USD,0,provider=openprovider
doc.ec,domain,create,USD,39.95,provider=openprovider
doc.ec,domain,renew,USD,39.95,provider=openprovider
doc.ec,domain,transfer,USD,39.95,provider=openprovider
doctor,domain,create,USD,119,provider=openprovider
doctor,domain,renew,USD,119,provider=openprovider
doctor,domain,transfer,USD,119,provider=openprovider
dog,domain,create,USD,65,provider=openprovider
dog,domain,renew,USD,65,provider=openprovider
dog,domain,transfer,USD,65,provider=openprovider
domains,domain,create,USD,47,provider=openprovider
domains,domain,renew,USD,47,provider=openprovider
domains,domain,transfer,USD,47,provider=openprovider
download,domain,create,USD,33,provider=openprovider
download,domain,renew,USD,33,provider=openprovider
download,domain,transfer,USD,33,provider=openprovider
dr.in,domain,create,USD,7.67,provider=openprovider
dr.in,domain,renew,USD,10.96,provider=openprovider
dr.in,domain,transfer,USD,7.67,provider=openprovider
durban,domain,create,USD,21.42,provider=openprovider
durban,domain,renew,USD,21.42,provider=openprovider
durban,domain,transfer,USD,21.42,provider=openprovider
earth,domain,create,USD,30.36,provider=openprovider
earth,domain,renew,USD,30.36,provider=openprovider
earth,domain,transfer,USD,30.36,provider=openprovider
ebiz.tw,domain,create,USD,63.99,provider=openprovider
ebiz.tw,domain,renew,USD,63.99,provider=openprovider
ebiz.tw,domain,transfer,USD,63.99,provider=openprovider
ec,domain,create,USD,39.95,provider=openprovider
ec,domain,renew,USD,49.95,provider=openprovider
ec,domain,transfer,USD,49.95,provider=openprovider
eco,domain,create,USD,113.5,provider=openprovider
eco,domain,renew,USD,113.5,provider=openprovider
eco,domain,transfer,USD,100.36,provider=openprovider
eco.bj,domain,create,USD,40.47,provider=openprovider
eco.bj,domain,renew,USD,40.47,provider=openprovider
eco.bj,domain,transfer,USD,53.97,provider=openprovider
edu.bh,domain,create,USD,330,provider=openprovider
edu.bh,domain,renew,USD,330,provider=openprovider
edu.bh,domain,transfer,USD,330,provider=openprovider
edu.bi,domain,create,USD,127.56,provider=openprovider
edu.bi,domain,renew,USD,127.56,provider=openprovider
edu.bi,domain,transfer,USD,95.67,provider=openprovider
edu.es,domain,create,USD,25.36,provider=openprovider
edu.es,domain,renew,USD,25.36,provider=openprovider
edu.es,domain,transfer,USD,0,provider=openprovider
edu.gh,domain,create,USD,1067.06,provider=openprovider
edu.gh,domain,renew,USD,1067.06,provider=openprovider
edu.gh,domain,transfer,USD,0,provider=openprovider
edu.gl,domain,create,USD,88.59,provider=openprovider
edu.gl,domain,renew,USD,91.88,provider=openprovider
edu.gl,domain,transfer,USD,91.88,provider=openprovider
edu.gr,domain,create,USD,14.09,provider=openprovider
edu.gr,domain,renew,USD,15.32,provider=openprovider
edu.gr,domain,transfer,USD,0,provider=openprovider
edu.hn,domain,create,USD,116.52,provider=openprovider
edu.hn,domain,renew,USD,169.26,provider=openprovider
edu.hn,domain,transfer,USD,116.52,provider=openprovider
edu.lk,domain,create,USD,47.7,provider=openprovider
edu.lk,domain,renew,USD,47.7,provider=openprovider
edu.lk,domain,transfer,USD,0,provider=openprovider
edu.lv,domain,create,USD,28.15,provider=openprovider
edu.lv,domain,renew,USD,28.15,provider=openprovider
edu.lv,domain,transfer,USD,14.72,provider=openprovider
edu.mk,domain,create,USD,51,provider=openprovider
edu.mk,domain,renew,USD,51,provider=openprovider
edu.mk,domain,transfer,USD,0,provider=openprovider
edu.mu,domain,create,USD,109,provider=openprovider
edu.mu,domain,renew,USD,109,provider=openprovider
edu.mu,domain,transfer,USD,62,provider=openprovider
edu.mx,domain,create,USD,11.8,provider=openprovider
edu.mx,domain,renew,USD,35.99,provider=openprovider
edu.mx,domain,transfer,USD,70,provider=openprovider
edu.ng,domain,create,NGN,6000,provider=nira
edu.ng,domain,create,USD,4.44,provider=nira
edu.ng,domain,renew,NGN,6000,provider=nira
edu.ng,domain,renew,USD,4.44,provider=nira
edu.ng,domain,transfer,NGN,6000,provider=nira
edu.ng,domain,transfer,USD,0,provider=openprovider
edu.pl,domain,create,USD,34.08,provider=openprovider
edu.pl,domain,renew,USD,42.6,provider=openprovider
edu.pl,domain,transfer,USD,0,provider=openprovider
edu.vn,domain,create,USD,145,provider=openprovider
edu.vn,domain,renew,USD,145,provider=openprovider
edu.vn,domain,transfer,USD,0,provider=openprovider
edu.vu,domain,create,USD,142,provider=openprovider
edu.vu,domain,renew,USD,120,provider=openprovider
edu.vu,domain,transfer,USD,135,provider=openprovider
education,domain,create,USD,40,provider=openprovider
education,domain,renew,USD,40,provider=openprovider
education,domain,transfer,USD,40,provider=openprovider
elblag.pl,domain,create,USD,14.2,provider=openprovider
elblag.pl,domain,renew,USD,34.08,provider=openprovider
elblag.pl,domain,transfer,USD,0,provider=openprovider
elk.pl,domain,create,USD,14.2,provider=openprovider
elk.pl,domain,renew,USD,34.08,provider=openprovider
elk.pl,domain,transfer,USD,0,provider=openprovider
email,domain,create,USD,35,provider=openprovider
email,domain,renew,USD,35,provider=openprovider
email,domain,transfer,USD,35,provider=openprovider
emilia-romagna.it,domain,create,USD,19.56,provider=openprovider
emilia-romagna.it,domain,renew,USD,19.56,provider=openprovider
emilia-romagna.it,domain,transfer,USD,19.56,provider=openprovider
emiliaromagna.it,domain,create,USD,19.56,provider=openprovider
emiliaromagna.it,domain,renew,USD,19.56,provider=openprovider
emiliaromagna.it,domain,transfer,USD,19.56,provider=openprovider
emp.br,domain,create,USD,68.74,provider=openprovider
emp.br,domain,renew,USD,68.74,provider=openprovider
emp.br,domain,transfer,USD,0,provider=openprovider
emr.it,domain,create,USD,19.56,provider=openprovider
emr.it,domain,renew,USD,19.56,provider=openprovider
emr.it,domain,transfer,USD,19.56,provider=openprovider
en.it,domain,create,USD,19.56,provider=openprovider
en.it,domain,renew,USD,19.56,provider=openprovider
en.it,domain,transfer,USD,19.56,provider=openprovider
energy,domain,create,USD,119,provider=openprovider
energy,domain,renew,USD,119,provider=openprovider
energy,domain,transfer,USD,119,provider=openprovider
eng.pro,domain,create,USD,270.36,provider=openprovider
eng.pro,domain,renew,USD,222,provider=openprovider
eng.pro,domain,transfer,USD,226,provider=openprovider
engineer,domain,create,USD,48,provider=openprovider
engineer,domain,renew,USD,48,provider=openprovider
engineer,domain,transfer,USD,48,provider=openprovider
engineering,domain,create,USD,66,provider=openprovider
engineering,domain,renew,USD,66,provider=openprovider
engineering,domain,transfer,USD,66,provider=openprovider
enna.it,domain,create,USD,19.56,provider=openprovider
enna.it,domain,renew,USD,19.56,provider=openprovider
enna.it,domain,transfer,USD,19.56,provider=openprovider
enterprises,domain,create,USD,45,provider=openprovider
enterprises,domain,renew,USD,45,provider=openprovider
enterprises,domain,transfer,USD,45,provider=openprovider
equipment,domain,create,USD,29,provider=openprovider
equipment,domain,renew,USD,29,provider=openprovider
equipment,domain,transfer,USD,29,provider=openprovider
er.in,domain,create,USD,7.67,provider=openprovider
er.in,domain,renew,USD,10.96,provider=openprovider
er.in,domain,transfer,USD,7.67,provider=openprovider
es,domain,create,USD,5.52,provider=openprovider
es,domain,renew,USD,12.25,provider=openprovider
es,domain,transfer,USD,0,provider=openprovider
esp.br,domain,create,USD,42.25,provider=openprovider
esp.br,domain,renew,USD,42.25,provider=openprovider
esp.br,domain,transfer,USD,0,provider=openprovider
esq,domain,create,USD,24,provider=openprovider
esq,domain,renew,USD,34,provider=openprovider
esq,domain,transfer,USD,24,provider=openprovider
estate,domain,create,USD,48,provider=openprovider
estate,domain,renew,USD,48,provider=openprovider
estate,domain,transfer,USD,48,provider=openprovider
et,domain,create,USD,692.98,provider=openprovider
et,domain,renew,USD,692.98,provider=openprovider
et,domain,transfer,USD,692.98,provider=openprovider
eu,domain,create,USD,8.56,provider=openprovider
eu,domain,renew,USD,15.92,provider=openprovider
eu,domain,transfer,USD,14.69,provider=openprovider
eu.com,domain,create,USD,34.28,provider=openprovider
eu.com,domain,renew,USD,34.28,provider=openprovider
eu.com,domain,transfer,USD,34.28,provider=openprovider
eu.pr,domain,create,USD,294,provider=openprovider
eu.pr,domain,renew,USD,294,provider=openprovider
eu.pr,domain,transfer,USD,294,provider=openprovider
eus,domain,create,USD,69.26,provider=openprovider
eus,domain,renew,USD,83.11,provider=openprovider
eus,domain,transfer,USD,83.11,provider=openprovider
events,domain,create,USD,55,provider=openprovider
events,domain,renew,USD,55,provider=openprovider
events,domain,transfer,USD,55,provider=openprovider
exchange,domain,create,USD,48,provider=openprovider
exchange,domain,renew,USD,48,provider=openprovider
exchange,domain,transfer,USD,48,provider=openprovider
expert,domain,create,USD,59,provider=openprovider
expert,domain,renew,USD,59,provider=openprovider
expert,domain,transfer,USD,59,provider=openprovider
exposed,domain,create,USD,32,provider=openprovider
exposed,domain,renew,USD,32,provider=openprovider
exposed,domain,transfer,USD,32,provider=openprovider
express,domain,create,USD,48,provider=openprovider
express,domain,renew,USD,48,provider=openprovider
express,domain,transfer,USD,48,provider=openprovider
fail,domain,create,USD,51.98,provider=openprovider
fail,domain,renew,USD,51.98,provider=openprovider
fail,domain,transfer,USD,51.98,provider=openprovider
faith,domain,create,USD,33,provider=openprovider
faith,domain,renew,USD,33,provider=openprovider
faith,domain,transfer,USD,33,provider=openprovider
family,domain,create,USD,53,provider=openprovider
family,domain,renew,USD,53,provider=openprovider
family,domain,transfer,USD,53,provider=openprovider
fan,domain,create,USD,55,provider=openprovider
fan,domain,renew,USD,55,provider=openprovider
fan,domain,transfer,USD,55,provider=openprovider
fans,domain,create,USD,34,provider=openprovider
fans,domain,renew,USD,34,provider=openprovider
fans,domain,transfer,USD,34,provider=openprovider
far.br,domain,create,USD,42.25,provider=openprovider
far.br,domain,renew,USD,42.25,provider=openprovider
far.br,domain,transfer,USD,0,provider=openprovider
farm,domain,create,USD,48,provider=openprovider
farm,domain,renew,USD,48,provider=openprovider
farm,domain,transfer,USD,48,provider=openprovider
fashion,domain,create,USD,35.98,provider=openprovider
fashion,domain,renew,USD,35.98,provider=openprovider
fashion,domain,transfer,USD,35.98,provider=openprovider
fc.it,domain,create,USD,19.56,provider=openprovider
fc.it,domain,renew,USD,19.56,provider=openprovider
fc.it,domain,transfer,USD,19.56,provider=openprovider
fe.it,domain,create,USD,19.56,provider=openprovider
fe.it,domain,renew,USD,19.56,provider=openprovider
fe.it,domain,transfer,USD,19.56,provider=openprovider
feedback,domain,create,USD,40.36,provider=openprovider
feedback,domain,renew,USD,40.36,provider=openprovider
feedback,domain,transfer,USD,40.36,provider=openprovider
fermo.it,domain,create,USD,19.56,provider=openprovider
fermo.it,domain,renew,USD,19.56,provider=openprovider
fermo.it,domain,transfer,USD,19.56,provider=openprovider
ferrara.it,domain,create,USD,19.56,provider=openprovider
ferrara.it,domain,renew,USD,19.56,provider=openprovider
ferrara.it,domain,transfer,USD,19.56,provider=openprovider
fg.it,domain,create,USD,19.56,provider=openprovider
fg.it,domain,renew,USD,19.56,provider=openprovider
fg.it,domain,transfer,USD,19.56,provider=openprovider
fi,domain,create,USD,17.16,provider=openprovider
fi,domain,renew,USD,31.88,provider=openprovider
fi,domain,transfer,USD,28.2,provider=openprovider
fi.it,domain,create,USD,19.56,provider=openprovider
fi.it,domain,renew,USD,19.56,provider=openprovider
fi.it,domain,transfer,USD,19.56,provider=openprovider
fie.ee,domain,create,USD,80.21,provider=openprovider
fie.ee,domain,renew,USD,26.98,provider=openprovider
fie.ee,domain,transfer,USD,0,provider=openprovider
film,domain,create,USD,120.36,provider=openprovider
film,domain,renew,USD,120.36,provider=openprovider
film,domain,transfer,USD,120.36,provider=openprovider
fin.ec,domain,create,USD,70,provider=openprovider
fin.ec,domain,renew,USD,48,provider=openprovider
fin.ec,domain,transfer,USD,48,provider=openprovider
finance,domain,create,USD,65,provider=openprovider
finance,domain,renew,USD,65,provider=openprovider
finance,domain,transfer,USD,65,provider=openprovider
financial,domain,create,USD,57,provider=openprovider
financial,domain,renew,USD,57,provider=openprovider
financial,domain,transfer,USD,57,provider=openprovider
firenze.it,domain,create,USD,19.56,provider=openprovider
firenze.it,domain,renew,USD,19.56,provider=openprovider
firenze.it,domain,transfer,USD,19.56,provider=openprovider
firm.in,domain,create,USD,7.67,provider=openprovider
firm.in,domain,renew,USD,10.96,provider=openprovider
firm.in,domain,transfer,USD,7.67,provider=openprovider
firm.ro,domain,create,USD,18.37,provider=openprovider
firm.ro,domain,renew,USD,18.37,provider=openprovider
firm.ro,domain,transfer,USD,18.37,provider=openprovider
fish,domain,create,USD,49,provider=openprovider
fish,domain,renew,USD,49,provider=openprovider
fish,domain,transfer,USD,49,provider=openprovider
fishing,domain,create,USD,35.98,provider=openprovider
fishing,domain,renew,USD,35.98,provider=openprovider
fishing,domain,transfer,USD,35.98,provider=openprovider
fit,domain,create,USD,35.98,provider=openprovider
fit,domain,renew,USD,35.98,provider=openprovider
fit,domain,transfer,USD,35.98,provider=openprovider
fitness,domain,create,USD,47,provider=openprovider
fitness,domain,renew,USD,47,provider=openprovider
fitness,domain,transfer,USD,47,provider=openprovider
fj.cn,domain,create,USD,33.26,provider=openprovider
fj.cn,domain,renew,USD,33.26,provider=openprovider
fj.cn,domain,transfer,USD,33.26,provider=openprovider
flights,domain,create,USD,58,provider=openprovider
flights,domain,renew,USD,58,provider=openprovider
flights,domain,transfer,USD,58,provider=openprovider
florence.it,domain,create,USD,19.56,provider=openprovider
florence.it,domain,renew,USD,19.56,provider=openprovider
florence.it,domain,transfer,USD,19.56,provider=openprovider
floripa.br,domain,create,USD,42.25,provider=openprovider
floripa.br,domain,renew,USD,42.25,provider=openprovider
floripa.br,domain,transfer,USD,0,provider=openprovider
florist,domain,create,USD,38,provider=openprovider
florist,domain,renew,USD,38,provider=openprovider
florist,domain,transfer,USD,38,provider=openprovider
flowers,domain,create,USD,200.36,provider=openprovider
flowers,domain,renew,USD,200.36,provider=openprovider
flowers,domain,transfer,USD,200.36,provider=openprovider
fm,domain,create,USD,130,provider=openprovider
fm,domain,renew,USD,130,provider=openprovider
fm,domain,transfer,USD,130,provider=openprovider
fm.it,domain,create,USD,19.56,provider=openprovider
fm.it,domain,renew,USD,19.56,provider=openprovider
fm.it,domain,transfer,USD,19.56,provider=openprovider
fo,domain,create,USD,216.56,provider=openprovider
fo,domain,renew,USD,86.95,provider=openprovider
fo,domain,transfer,USD,70.55,provider=openprovider
foggia.it,domain,create,USD,19.56,provider=openprovider
foggia.it,domain,renew,USD,19.56,provider=openprovider
foggia.it,domain,transfer,USD,19.56,provider=openprovider
foo,domain,create,USD,12,provider=openprovider
foo,domain,renew,USD,17,provider=openprovider
foo,domain,transfer,USD,12,provider=openprovider
food,domain,create,USD,45,provider=openprovider
food,domain,renew,USD,45,provider=openprovider
food,domain,transfer,USD,45,provider=openprovider
football,domain,create,USD,27.98,provider=openprovider
football,domain,renew,USD,27.98,provider=openprovider
football,domain,transfer,USD,27.98,provider=openprovider
forex,domain,create,USD,115,provider=openprovider
forex,domain,renew,USD,115,provider=openprovider
forex,domain,transfer,USD,60.36,provider=openprovider
forli-cesena.it,domain,create,USD,19.56,provider=openprovider
forli-cesena.it,domain,renew,USD,19.56,provider=openprovider
forli-cesena.it,domain,transfer,USD,19.56,provider=openprovider
forlicesena.it,domain,create,USD,19.56,provider=openprovider
forlicesena.it,domain,renew,USD,19.56,provider=openprovider
forlicesena.it,domain,transfer,USD,19.56,provider=openprovider
forsale,domain,create,USD,41,provider=openprovider
forsale,domain,renew,USD,41,provider=openprovider
forsale,domain,transfer,USD,41,provider=openprovider
forum,domain,create,USD,50,provider=openprovider
forum,domain,renew,USD,65,provider=openprovider
forum,domain,transfer,USD,50,provider=openprovider
fot.ec,domain,create,USD,39.95,provider=openprovider
fot.ec,domain,renew,USD,39.95,provider=openprovider
fot.ec,domain,transfer,USD,39.95,provider=openprovider
foundation,domain,create,USD,56,provider=openprovider
foundation,domain,renew,USD,43.36,provider=openprovider
foundation,domain,transfer,USD,43.36,provider=openprovider
fr,domain,create,USD,7.3,provider=openprovider
fr,domain,renew,USD,8.52,provider=openprovider
fr,domain,transfer,USD,8.52,provider=openprovider
fr.it,domain,create,USD,19.56,provider=openprovider
fr.it,domain,renew,USD,19.56,provider=openprovider
fr.it,domain,transfer,USD,19.56,provider=openprovider
fr.pr,domain,create,USD,294,provider=openprovider
fr.pr,domain,renew,USD,294,provider=openprovider
fr.pr,domain,transfer,USD,294,provider=openprovider
friuli-v-giulia.it,domain,create,USD,19.56,provider=openprovider
friuli-v-giulia.it,domain,renew,USD,19.56,provider=openprovider
friuli-v-giulia.it,domain,transfer,USD,19.56,provider=openprovider
friuli-ve-giulia.it,domain,create,USD,19.56,provider=openprovider
friuli-ve-giulia.it,domain,renew,USD,19.56,provider=openprovider
friuli-ve-giulia.it,domain,transfer,USD,19.56,provider=openprovider
friuli-vegiulia.it,domain,create,USD,19.56,provider=openprovider
friuli-vegiulia.it,domain,renew,USD,19.56,provider=openprovider
friuli-vegiulia.it,domain,transfer,USD,19.56,provider=openprovider
friuli-venezia-giulia.it,domain,create,USD,19.56,provider=openprovider
friuli-venezia-giulia.it,domain,renew,USD,19.56,provider=openprovider
friuli-venezia-giulia.it,domain,transfer,USD,19.56,provider=openprovider
friuli-veneziagiulia.it,domain,create,USD,19.56,provider=openprovider
friuli-veneziagiulia.it,domain,renew,USD,19.56,provider=openprovider
friuli-veneziagiulia.it,domain,transfer,USD,19.56,provider=openprovider
friuli-vgiulia.it,domain,create,USD,19.56,provider=openprovider
friuli-vgiulia.it,domain,renew,USD,19.56,provider=openprovider
friuli-vgiulia.it,domain,transfer,USD,19.56,provider=openprovider
friuliv-giulia.it,domain,create,USD,19.56,provider=openprovider
friuliv-giulia.it,domain,renew,USD,19.56,provider=openprovider
friuliv-giulia.it,domain,transfer,USD,19.56,provider=openprovider
friulive-giulia.it,domain,create,USD,19.56,provider=openprovider
friulive-giulia.it,domain,renew,USD,19.56,provider=openprovider
friulive-giulia.it,domain,transfer,USD,19.56,provider=openprovider
friulivegiulia.it,domain,create,USD,19.56,provider=openprovider
friulivegiulia.it,domain,renew,USD,19.56,provider=openprovider
friulivegiulia.it,domain,transfer,USD,19.56,provider=openprovider
friulivenezia-giulia.it,domain,create,USD,19.56,provider=openprovider
friulivenezia-giulia.it,domain,renew,USD,19.56,provider=openprovider
friulivenezia-giulia.it,domain,transfer,USD,19.56,provider=openprovider
friuliveneziagiulia.it,domain,create,USD,19.56,provider=openprovider
friuliveneziagiulia.it,domain,renew,USD,19.56,provider=openprovider
friuliveneziagiulia.it,domain,transfer,USD,19.56,provider=openprovider
friulivgiulia.it,domain,create,USD,19.56,provider=openprovider
friulivgiulia.it,domain,renew,USD,19.56,provider=openprovider
friulivgiulia.it,domain,transfer,USD,19.56,provider=openprovider
frl,domain,create,USD,61.69,provider=openprovider
frl,domain,renew,USD,61.69,provider=openprovider
frl,domain,transfer,USD,61.69,provider=openprovider
frosinone.it,domain,create,USD,19.56,provider=openprovider
frosinone.it,domain,renew,USD,19.56,provider=openprovider
frosinone.it,domain,transfer,USD,19.56,provider=openprovider
fun,domain,create,USD,37.98,provider=openprovider
fun,domain,renew,USD,37.98,provider=openprovider
fun,domain,transfer,USD,37.98,provider=openprovider
fund,domain,create,USD,69.99,provider=openprovider
fund,domain,renew,USD,69.99,provider=openprovider
fund,domain,transfer,USD,69.99,provider=openprovider
furniture,domain,create,USD,95,provider=openprovider
furniture,domain,renew,USD,105,provider=openprovider
furniture,domain,transfer,USD,95,provider=openprovider
futbol,domain,create,USD,28,provider=openprovider
futbol,domain,renew,USD,28,provider=openprovider
futbol,domain,transfer,USD,28,provider=openprovider
fvg.it,domain,create,USD,19.56,provider=openprovider
fvg.it,domain,renew,USD,19.56,provider=openprovider
fvg.it,domain,transfer,USD,19.56,provider=openprovider
fyi,domain,create,USD,18,provider=openprovider
fyi,domain,renew,USD,20.5,provider=openprovider
fyi,domain,transfer,USD,18,provider=openprovider
ga,domain,create,USD,36.8,provider=openprovider
ga,domain,renew,USD,31.89,provider=openprovider
ga,domain,transfer,USD,0,provider=openprovider
gal,domain,create,USD,93.58,provider=openprovider
gal,domain,renew,USD,88.68,provider=openprovider
gal,domain,transfer,USD,88.68,provider=openprovider
gal.ec,domain,create,USD,29.95,provider=openprovider
gal.ec,domain,renew,USD,39.95,provider=openprovider
gal.ec,domain,transfer,USD,39.95,provider=openprovider
gallery,domain,create,USD,35,provider=openprovider
gallery,domain,renew,USD,35,provider=openprovider
gallery,domain,transfer,USD,35,provider=openprovider
game,domain,create,USD,600.36,provider=openprovider
game,domain,renew,USD,600.36,provider=openprovider
game,domain,transfer,USD,600.36,provider=openprovider
game.tw,domain,create,USD,63.99,provider=openprovider
game.tw,domain,renew,USD,63.99,provider=openprovider
game.tw,domain,transfer,USD,63.99,provider=openprovider
games,domain,create,USD,39.98,provider=openprovider
games,domain,renew,USD,39.98,provider=openprovider
games,domain,transfer,USD,39.98,provider=openprovider
garden,domain,create,USD,35.98,provider=openprovider
garden,domain,renew,USD,35.98,provider=openprovider
garden,domain,transfer,USD,35.98,provider=openprovider
gay,domain,create,USD,39.98,provider=openprovider
gay,domain,renew,USD,49.98,provider=openprovider
gay,domain,transfer,USD,39.98,provider=openprovider
gb.com,domain,create,USD,92.99,provider=openprovider
gb.com,domain,renew,USD,57.08,provider=openprovider
gb.com,domain,transfer,USD,57.08,provider=openprovider
gb.net,domain,create,USD,22.82,provider=openprovider
gb.net,domain,renew,USD,22.82,provider=openprovider
gb.net,domain,transfer,USD,22.82,provider=openprovider
gd,domain,create,USD,63.2,provider=openprovider
gd,domain,renew,USD,63.2,provider=openprovider
gd,domain,transfer,USD,63.2,provider=openprovider
gd.cn,domain,create,USD,33.26,provider=openprovider
gd.cn,domain,renew,USD,33.26,provider=openprovider
gd.cn,domain,transfer,USD,33.26,provider=openprovider
gdn,domain,create,USD,11.99,provider=openprovider
gdn,domain,renew,USD,11.99,provider=openprovider
gdn,domain,transfer,USD,11.99,provider=openprovider
ge,domain,create,USD,147.18,provider=openprovider
ge,domain,renew,USD,147.18,provider=openprovider
ge,domain,transfer,USD,147.18,provider=openprovider
ge.it,domain,create,USD,19.56,provider=openprovider
ge.it,domain,renew,USD,19.56,provider=openprovider
ge.it,domain,transfer,USD,19.56,provider=openprovider
geek.nz,domain,create,USD,27.36,provider=openprovider
geek.nz,domain,renew,USD,27.36,provider=openprovider
geek.nz,domain,transfer,USD,0,provider=openprovider
gen.in,domain,create,USD,7.67,provider=openprovider
gen.in,domain,renew,USD,10.96,provider=openprovider
gen.in,domain,transfer,USD,7.67,provider=openprovider
gen.nz,domain,create,USD,27.36,provider=openprovider
gen.nz,domain,renew,USD,27.36,provider=openprovider
gen.nz,domain,transfer,USD,0,provider=openprovider
genoa.it,domain,create,USD,19.56,provider=openprovider
genoa.it,domain,renew,USD,19.56,provider=openprovider
genoa.it,domain,transfer,USD,19.56,provider=openprovider
genova.it,domain,create,USD,19.56,provider=openprovider
genova.it,domain,renew,USD,19.56,provider=openprovider
genova.it,domain,transfer,USD,19.56,provider=openprovider
gent,domain,create,USD,52.73,provider=openprovider
gent,domain,renew,USD,56.41,provider=openprovider
gent,domain,transfer,USD,52.73,provider=openprovider
gf,domain,create,USD,219.54,provider=openprovider
gf,domain,renew,USD,245.3,provider=openprovider
gf,domain,transfer,USD,110.39,provider=openprovider
gg,domain,create,USD,305.4,provider=openprovider
gg,domain,renew,USD,202.37,provider=openprovider
gg,domain,transfer,USD,202.37,provider=openprovider
gi,domain,create,USD,179.07,provider=openprovider
gi,domain,renew,USD,174.16,provider=openprovider
gi,domain,transfer,USD,174.16,provider=openprovider
gift,domain,create,USD,19.98,provider=openprovider
gift,domain,renew,USD,26.98,provider=openprovider
gift,domain,transfer,USD,19.98,provider=openprovider
gifts,domain,create,USD,41,provider=openprovider
gifts,domain,renew,USD,41,provider=openprovider
gifts,domain,transfer,USD,41,provider=openprovider
gives,domain,create,USD,35,provider=openprovider
gives,domain,renew,USD,43.36,provider=openprovider
gives,domain,transfer,USD,43.36,provider=openprovider
giving,domain,create,USD,26,provider=openprovider
giving,domain,renew,USD,37,provider=openprovider
giving,domain,transfer,USD,26,provider=openprovider
gl,domain,create,USD,91.88,provider=openprovider
gl,domain,renew,USD,91.88,provider=openprovider
gl,domain,transfer,USD,91.88,provider=openprovider
glass,domain,create,USD,76,provider=openprovider
glass,domain,renew,USD,76,provider=openprovider
glass,domain,transfer,USD,76,provider=openprovider
global,domain,create,USD,115,provider=openprovider
global,domain,renew,USD,115,provider=openprovider
global,domain,transfer,USD,115,provider=openprovider
glogow.pl,domain,create,USD,14.2,provider=openprovider
glogow.pl,domain,renew,USD,34.08,provider=openprovider
glogow.pl,domain,transfer,USD,0,provider=openprovider
gmbh,domain,create,USD,49.98,provider=openprovider
gmbh,domain,renew,USD,49.98,provider=openprovider
gmbh,domain,transfer,USD,49.98,provider=openprovider
gmina.pl,domain,create,USD,34.08,provider=openprovider
gmina.pl,domain,renew,USD,42.6,provider=openprovider
gmina.pl,domain,transfer,USD,0,provider=openprovider
gniezno.pl,domain,create,USD,14.2,provider=openprovider
gniezno.pl,domain,renew,USD,34.08,provider=openprovider
gniezno.pl,domain,transfer,USD,0,provider=openprovider
go.it,domain,create,USD,19.56,provider=openprovider
go.it,domain,renew,USD,19.56,provider=openprovider
go.it,domain,transfer,USD,19.56,provider=openprovider
go.ke,domain,create,USD,225.68,provider=openprovider
go.ke,domain,renew,USD,225.68,provider=openprovider
go.ke,domain,transfer,USD,225.68,provider=openprovider
go.tz,domain,create,USD,73.59,provider=openprovider
go.tz,domain,renew,USD,91.99,provider=openprovider
go.tz,domain,transfer,USD,0,provider=openprovider
gob.es,domain,create,USD,12.2,provider=openprovider
gob.es,domain,renew,USD,19.56,provider=openprovider
gob.es,domain,transfer,USD,0,provider=openprovider
gob.mx,domain,create,USD,11.8,provider=openprovider
gob.mx,domain,renew,USD,35.99,provider=openprovider
gob.mx,domain,transfer,USD,70,provider=openprovider
gold,domain,create,USD,99,provider=openprovider
gold,domain,renew,USD,99,provider=openprovider
gold,domain,transfer,USD,99,provider=openprovider
golf,domain,create,USD,65,provider=openprovider
golf,domain,renew,USD,65,provider=openprovider
golf,domain,transfer,USD,65,provider=openprovider
gorizia.it,domain,create,USD,19.56,provider=openprovider
gorizia.it,domain,renew,USD,19.56,provider=openprovider
gorizia.it,domain,transfer,USD,19.56,provider=openprovider
gorlice.pl,domain,create,USD,14.2,provider=openprovider
gorlice.pl,domain,renew,USD,34.08,provider=openprovider
gorlice.pl,domain,transfer,USD,0,provider=openprovider
gov.gh,domain,create,USD,1067.06,provider=openprovider
gov.gh,domain,renew,USD,1067.06,provider=openprovider
gov.gh,domain,transfer,USD,0,provider=openprovider
gov.ng,domain,create,USD,123.88,provider=openprovider
gov.ng,domain,renew,USD,183.98,provider=openprovider
gov.ng,domain,transfer,USD,55.19,provider=openprovider
gov.vn,domain,create,USD,145,provider=openprovider
gov.vn,domain,renew,USD,145,provider=openprovider
gov.vn,domain,transfer,USD,0,provider=openprovider
gq,domain,create,USD,91.99,provider=openprovider
gq,domain,renew,USD,91.99,provider=openprovider
gq,domain,transfer,USD,91.99,provider=openprovider
gr,domain,create,USD,18.39,provider=openprovider
gr,domain,renew,USD,22.06,provider=openprovider
gr,domain,transfer,USD,0,provider=openprovider
gr.com,domain,create,USD,31.83,provider=openprovider
gr.com,domain,renew,USD,31.83,provider=openprovider
gr.com,domain,transfer,USD,31.83,provider=openprovider
gr.it,domain,create,USD,19.56,provider=openprovider
gr.it,domain,renew,USD,19.56,provider=openprovider
gr.it,domain,transfer,USD,19.56,provider=openprovider
grajewo.pl,domain,create,USD,14.2,provider=openprovider
grajewo.pl,domain,renew,USD,34.08,provider=openprovider
grajewo.pl,domain,transfer,USD,0,provider=openprovider
graphics,domain,create,USD,24.99,provider=openprovider
graphics,domain,renew,USD,24.99,provider=openprovider
graphics,domain,transfer,USD,24.99,provider=openprovider
gratis,domain,create,USD,27.99,provider=openprovider
gratis,domain,renew,USD,27.99,provider=openprovider
gratis,domain,transfer,USD,27.99,provider=openprovider
green,domain,create,USD,75,provider=openprovider
green,domain,renew,USD,75,provider=openprovider
green,domain,transfer,USD,69,provider=openprovider
gripe,domain,create,USD,19,provider=openprovider
gripe,domain,renew,USD,19,provider=openprovider
gripe,domain,transfer,USD,19,provider=openprovider
grosseto.it,domain,create,USD,19.56,provider=openprovider
grosseto.it,domain,renew,USD,19.56,provider=openprovider
grosseto.it,domain,transfer,USD,19.56,provider=openprovider
group,domain,create,USD,27.98,provider=openprovider
group,domain,renew,USD,27.98,provider=openprovider
group,domain,transfer,USD,27.98,provider=openprovider
gs,domain,create,USD,48.95,provider=openprovider
gs,domain,renew,USD,48.95,provider=openprovider
gs,domain,transfer,USD,48.95,provider=openprovider
gs.cn,domain,create,USD,33.26,provider=openprovider
gs.cn,domain,renew,USD,33.26,provider=openprovider
gs.cn,domain,transfer,USD,33.26,provider=openprovider
gsm.pl,domain,create,USD,34.08,provider=openprovider
gsm.pl,domain,renew,USD,42.6,provider=openprovider
gsm.pl,domain,transfer,USD,0,provider=openprovider
gt,domain,create,USD,147.18,provider=openprovider
gt,domain,renew,USD,147.18,provider=openprovider
gt,domain,transfer,USD,0,provider=openprovider
guide,domain,create,USD,47,provider=openprovider
guide,domain,renew,USD,47,provider=openprovider
guide,domain,transfer,USD,47,provider=openprovider
guitars,domain,create,USD,200.36,provider=openprovider
guitars,domain,renew,USD,200.36,provider=openprovider
guitars,domain,transfer,USD,200.36,provider=openprovider
gujarat.in,domain,create,USD,7.67,provider=openprovider
gujarat.in,domain,renew,USD,10.96,provider=openprovider
gujarat.in,domain,transfer,USD,7.67,provider=openprovider
guru,domain,create,USD,49,provider=openprovider
guru,domain,renew,USD,49,provider=openprovider
guru,domain,transfer,USD,49,provider=openprovider
gw,domain,create,USD,73.59,provider=openprovider
gw,domain,renew,USD,183.98,provider=openprovider
gw,domain,transfer,USD,30.66,provider=openprovider
gx.cn,domain,create,USD,33.26,provider=openprovider
gx.cn,domain,renew,USD,33.26,provider=openprovider
gx.cn,domain,transfer,USD,33.26,provider=openprovider
gy,domain,create,USD,91,provider=openprovider
gy,domain,renew,USD,91,provider=openprovider
gy,domain,transfer,USD,151,provider=openprovider
gye.ec,domain,create,USD,29.95,provider=openprovider
gye.ec,domain,renew,USD,39.95,provider=openprovider
gye.ec,domain,transfer,USD,39.95,provider=openprovider
gz.cn,domain,create,USD,33.26,provider=openprovider
gz.cn,domain,renew,USD,33.26,provider=openprovider
gz.cn,domain,transfer,USD,33.26,provider=openprovider
ha.cn,domain,create,USD,33.26,provider=openprovider
ha.cn,domain,renew,USD,33.26,provider=openprovider
ha.cn,domain,transfer,USD,33.26,provider=openprovider
hair,domain,create,USD,14.98,provider=openprovider
hair,domain,renew,USD,20.98,provider=openprovider
hair,domain,transfer,USD,20.98,provider=openprovider
hamburg,domain,create,USD,83.4,provider=openprovider
hamburg,domain,renew,USD,83.4,provider=openprovider
hamburg,domain,transfer,USD,81.32,provider=openprovider
haus,domain,create,USD,42,provider=openprovider
haus,domain,renew,USD,42,provider=openprovider
haus,domain,transfer,USD,42,provider=openprovider
hb.cn,domain,create,USD,33.26,provider=openprovider
hb.cn,domain,renew,USD,33.26,provider=openprovider
hb.cn,domain,transfer,USD,33.26,provider=openprovider
he.cn,domain,create,USD,33.26,provider=openprovider
he.cn,domain,renew,USD,33.26,provider=openprovider
he.cn,domain,transfer,USD,33.26,provider=openprovider
health,domain,create,USD,79.98,provider=openprovider
health,domain,renew,USD,109.98,provider=openprovider
health,domain,transfer,USD,109.98,provider=openprovider
health.vn,domain,create,USD,145,provider=openprovider
health.vn,domain,renew,USD,145,provider=openprovider
health.vn,domain,transfer,USD,0,provider=openprovider
healthcare,domain,create,USD,88,provider=openprovider
healthcare,domain,renew,USD,88,provider=openprovider
healthcare,domain,transfer,USD,88,provider=openprovider
help,domain,create,USD,35.98,provider=openprovider
help,domain,renew,USD,49.98,provider=openprovider
help,domain,transfer,USD,35.98,provider=openprovider
hi.cn,domain,create,USD,33.26,provider=openprovider
hi.cn,domain,renew,USD,33.26,provider=openprovider
hi.cn,domain,transfer,USD,33.26,provider=openprovider
hiphop,domain,create,USD,35,provider=openprovider
hiphop,domain,renew,USD,35,provider=openprovider
hiphop,domain,transfer,USD,35,provider=openprovider
hiv,domain,create,USD,358.36,provider=openprovider
hiv,domain,renew,USD,358.36,provider=openprovider
hiv,domain,transfer,USD,358.36,provider=openprovider
hk,domain,create,USD,53.55,provider=openprovider
hk,domain,renew,USD,53.55,provider=openprovider
hk,domain,transfer,USD,0,provider=openprovider
hk.cn,domain,create,USD,33.26,provider=openprovider
hk.cn,domain,renew,USD,33.26,provider=openprovider
hk.cn,domain,transfer,USD,33.26,provider=openprovider
hl.cn,domain,create,USD,33.26,provider=openprovider
hl.cn,domain,renew,USD,33.26,provider=openprovider
hl.cn,domain,transfer,USD,33.26,provider=openprovider
hn,domain,create,USD,150,provider=openprovider
hn,domain,renew,USD,150,provider=openprovider
hn,domain,transfer,USD,0,provider=openprovider
hn.cn,domain,create,USD,33.26,provider=openprovider
hn.cn,domain,renew,USD,33.26,provider=openprovider
hn.cn,domain,transfer,USD,33.26,provider=openprovider
hockey,domain,create,USD,59,provider=openprovider
hockey,domain,renew,USD,59,provider=openprovider
hockey,domain,transfer,USD,59,provider=openprovider
holdings,domain,create,USD,65,provider=openprovider
holdings,domain,renew,USD,65,provider=openprovider
holdings,domain,transfer,USD,65,provider=openprovider
holiday,domain,create,USD,65,provider=openprovider
holiday,domain,renew,USD,65,provider=openprovider
holiday,domain,transfer,USD,65,provider=openprovider
homes,domain,create,USD,20.98,provider=openprovider
homes,domain,renew,USD,20.98,provider=openprovider
homes,domain,transfer,USD,20.98,provider=openprovider
horse,domain,create,USD,35.98,provider=openprovider
horse,domain,renew,USD,35.98,provider=openprovider
horse,domain,transfer,USD,35.98,provider=openprovider
hospital,domain,create,USD,58,provider=openprovider
hospital,domain,renew,USD,58,provider=openprovider
hospital,domain,transfer,USD,58,provider=openprovider
host,domain,create,USD,109.98,provider=openprovider
host,domain,renew,USD,109.98,provider=openprovider
host,domain,transfer,USD,109.98,provider=openprovider
hosting,domain,create,USD,600.36,provider=openprovider
hosting,domain,renew,USD,600.36,provider=openprovider
hosting,domain,transfer,USD,600.36,provider=openprovider
hotel.tz,domain,create,USD,349.55,provider=openprovider
hotel.tz,domain,renew,USD,349.55,provider=openprovider
hotel.tz,domain,transfer,USD,0,provider=openprovider
house,domain,create,USD,49,provider=openprovider
house,domain,renew,USD,49,provider=openprovider
house,domain,transfer,USD,49,provider=openprovider
how,domain,create,USD,40.36,provider=openprovider
how,domain,renew,USD,40.36,provider=openprovider
how,domain,transfer,USD,40.36,provider=openprovider
ht,domain,create,USD,180.5,provider=openprovider
ht,domain,renew,USD,180.5,provider=openprovider
ht,domain,transfer,USD,180.5,provider=openprovider
hu,domain,create,USD,24.53,provider=openprovider
hu,domain,renew,USD,29.44,provider=openprovider
hu,domain,transfer,USD,147.18,provider=openprovider
hu.com,domain,create,USD,56.42,provider=openprovider
hu.com,domain,renew,USD,56.42,provider=openprovider
hu.com,domain,transfer,USD,56.42,provider=openprovider
hu.net,domain,create,USD,56.42,provider=openprovider
hu.net,domain,renew,USD,56.42,provider=openprovider
hu.net,domain,transfer,USD,56.42,provider=openprovider
i.ng,domain,create,NGN,6000,provider=nira
i.ng,domain,create,USD,4.44,provider=nira
i.ng,domain,renew,NGN,6000,provider=nira
i.ng,domain,renew,USD,4.44,provider=nira
i.ng,domain,transfer,NGN,6000,provider=nira
i.ng,domain,transfer,USD,0,provider=openprovider
icu,domain,create,USD,25.98,provider=openprovider
icu,domain,renew,USD,25.98,provider=openprovider
icu,domain,transfer,USD,25.98,provider=openprovider
id.au,domain,create,USD,14.91,provider=openprovider
id.au,domain,renew,USD,14.91,provider=openprovider
id.au,domain,transfer,USD,0,provider=openprovider
id.lv,domain,create,USD,28.15,provider=openprovider
id.lv,domain,renew,USD,28.15,provider=openprovider
id.lv,domain,transfer,USD,14.72,provider=openprovider
idv.hk,domain,create,USD,46.85,provider=openprovider
idv.hk,domain,renew,USD,46.85,provider=openprovider
idv.hk,domain,transfer,USD,0,provider=openprovider
idv.tw,domain,create,USD,63.99,provider=openprovider
idv.tw,domain,renew,USD,63.99,provider=openprovider
idv.tw,domain,transfer,USD,63.99,provider=openprovider
ie,domain,create,USD,61.31,provider=openprovider
ie,domain,renew,USD,61.31,provider=openprovider
ie,domain,transfer,USD,61.31,provider=openprovider
iglesias-carbonia.it,domain,create,USD,19.56,provider=openprovider
iglesias-carbonia.it,domain,renew,USD,19.56,provider=openprovider
iglesias-carbonia.it,domain,transfer,USD,19.56,provider=openprovider
iglesiascarbonia.it,domain,create,USD,19.56,provider=openprovider
iglesiascarbonia.it,domain,renew,USD,19.56,provider=openprovider
iglesiascarbonia.it,domain,transfer,USD,19.56,provider=openprovider
ilawa.pl,domain,create,USD,14.2,provider=openprovider
ilawa.pl,domain,renew,USD,34.08,provider=openprovider
ilawa.pl,domain,transfer,USD,0,provider=openprovider
im,domain,create,USD,65.81,provider=openprovider
im,domain,renew,USD,65.81,provider=openprovider
im,domain,transfer,USD,0,provider=openprovider
im.it,domain,create,USD,19.56,provider=openprovider
im.it,domain,renew,USD,19.56,provider=openprovider
im.it,domain,transfer,USD,19.56,provider=openprovider
immo,domain,create,USD,40,provider=openprovider
immo,domain,renew,USD,40,provider=openprovider
immo,domain,transfer,USD,40,provider=openprovider
immobilien,domain,create,USD,43,provider=openprovider
immobilien,domain,renew,USD,43,provider=openprovider
immobilien,domain,transfer,USD,43,provider=openprovider
imperia.it,domain,create,USD,19.56,provider=openprovider
imperia.it,domain,renew,USD,19.56,provider=openprovider
imperia.it,domain,transfer,USD,19.56,provider=openprovider
in,domain,create,USD,7.67,provider=openprovider
in,domain,renew,USD,10.96,provider=openprovider
in,domain,transfer,USD,7.67,provider=openprovider
in.net,domain,create,USD,21.95,provider=openprovider
in.net,domain,renew,USD,21.95,provider=openprovider
in.net,domain,transfer,USD,21.95,provider=openprovider
inc,domain,create,USD,2400,provider=openprovider
inc,domain,renew,USD,2400,provider=openprovider
inc,domain,transfer,USD,4000.36,provider=openprovider
ind.br,domain,create,USD,42.25,provider=openprovider
ind.br,domain,renew,USD,35.69,provider=openprovider
ind.br,domain,transfer,USD,0,provider=openprovider
ind.gt,domain,create,USD,100.57,provider=openprovider
ind.gt,domain,renew,USD,100.57,provider=openprovider
ind.gt,domain,transfer,USD,0,provider=openprovider
ind.in,domain,create,USD,7.67,provider=openprovider
ind.in,domain,renew,USD,10.96,provider=openprovider
ind.in,domain,transfer,USD,7.67,provider=openprovider
industries,domain,create,USD,51.5,provider=openprovider
industries,domain,renew,USD,51.5,provider=openprovider
industries,domain,transfer,USD,51.5,provider=openprovider
inf.mk,domain,create,USD,51,provider=openprovider
inf.mk,domain,renew,USD,51,provider=openprovider
inf.mk,domain,transfer,USD,0,provider=openprovider
info,domain,create,USD,26.98,provider=openprovider
info,domain,renew,USD,39.98,provider=openprovider
info,domain,transfer,USD,26.98,provider=openprovider
info.au,domain,create,USD,14.91,provider=openprovider
info.au,domain,renew,USD,14.91,provider=openprovider
info.au,domain,transfer,USD,0,provider=openprovider
info.bh,domain,create,USD,330,provider=openprovider
info.bh,domain,renew,USD,330,provider=openprovider
info.bh,domain,transfer,USD,330,provider=openprovider
info.bi,domain,create,USD,127.56,provider=openprovider
info.bi,domain,renew,USD,127.56,provider=openprovider
info.bi,domain,transfer,USD,127.56,provider=openprovider
info.bj,domain,create,USD,49.06,provider=openprovider
info.bj,domain,renew,USD,53.97,provider=openprovider
info.bj,domain,transfer,USD,53.97,provider=openprovider
info.ec,domain,create,USD,39.95,provider=openprovider
info.ec,domain,renew,USD,49.95,provider=openprovider
info.ec,domain,transfer,USD,49.95,provider=openprovider
info.ht,domain,create,USD,57,provider=openprovider
info.ht,domain,renew,USD,57,provider=openprovider
info.ht,domain,transfer,USD,57,provider=openprovider
info.in,domain,create,USD,7.67,provider=openprovider
info.in,domain,renew,USD,10.96,provider=openprovider
info.in,domain,transfer,USD,7.67,provider=openprovider
info.ke,domain,create,USD,174.16,provider=openprovider
info.ke,domain,renew,USD,174.16,provider=openprovider
info.ke,domain,transfer,USD,174.16,provider=openprovider
info.pl,domain,create,USD,34.08,provider=openprovider
info.pl,domain,renew,USD,42.6,provider=openprovider
info.pl,domain,transfer,USD,0,provider=openprovider
info.ro,domain,create,USD,18.37,provider=openprovider
info.ro,domain,renew,USD,18.37,provider=openprovider
info.ro,domain,transfer,USD,18.37,provider=openprovider
info.tz,domain,create,USD,73.59,provider=openprovider
info.tz,domain,renew,USD,91.99,provider=openprovider
info.tz,domain,transfer,USD,0,provider=openprovider
info.vn,domain,create,USD,145,provider=openprovider
info.vn,domain,renew,USD,145,provider=openprovider
info.vn,domain,transfer,USD,0,provider=openprovider
ing,domain,create,USD,12,provider=openprovider
ing,domain,renew,USD,17,provider=openprovider
ing,domain,transfer,USD,12,provider=openprovider
ink,domain,create,USD,29.98,provider=openprovider
ink,domain,renew,USD,44.98,provider=openprovider
ink,domain,transfer,USD,44.98,provider=openprovider
institute,domain,create,USD,32,provider=openprovider
institute,domain,renew,USD,32,provider=openprovider
institute,domain,transfer,USD,32,provider=openprovider
insurance,domain,create,USD,1567.9,provider=openprovider
insurance,domain,renew,USD,1567.9,provider=openprovider
insurance,domain,transfer,USD,1567.9,provider=openprovider
insure,domain,create,USD,69,provider=openprovider
insure,domain,renew,USD,69,provider=openprovider
insure,domain,transfer,USD,69,provider=openprovider
int.in,domain,create,USD,7.67,provider=openprovider
int.in,domain,renew,USD,10.96,provider=openprovider
int.in,domain,transfer,USD,7.67,provider=openprovider
int.vn,domain,create,USD,145,provider=openprovider
int.vn,domain,renew,USD,145,provider=openprovider
int.vn,domain,transfer,USD,0,provider=openprovider
international,domain,create,USD,36,provider=openprovider
international,domain,renew,USD,36,provider=openprovider
international,domain,transfer,USD,36,provider=openprovider
internet.in,domain,create,USD,7.67,provider=openprovider
internet.in,domain,renew,USD,10.96,provider=openprovider
internet.in,domain,transfer,USD,7.67,provider=openprovider
investments,domain,create,USD,125,provider=openprovider
investments,domain,renew,USD,125,provider=openprovider
investments,domain,transfer,USD,125,provider=openprovider
io,domain,create,USD,74.98,provider=openprovider
io,domain,renew,USD,89.98,provider=openprovider
io,domain,transfer,USD,74.98,provider=openprovider
io.in,domain,create,USD,7.67,provider=openprovider
io.in,domain,renew,USD,10.96,provider=openprovider
io.in,domain,transfer,USD,7.67,provider=openprovider
iq,domain,create,USD,412,provider=openprovider
iq,domain,renew,USD,652,provider=openprovider
iq,domain,transfer,USD,412,provider=openprovider
irish,domain,create,USD,32,provider=openprovider
irish,domain,renew,USD,32,provider=openprovider
irish,domain,transfer,USD,32,provider=openprovider
is.it,domain,create,USD,19.56,provider=openprovider
is.it,domain,renew,USD,19.56,provider=openprovider
is.it,domain,transfer,USD,19.56,provider=openprovider
isernia.it,domain,create,USD,19.56,provider=openprovider
isernia.it,domain,renew,USD,19.56,provider=openprovider
isernia.it,domain,transfer,USD,19.56,provider=openprovider
ist,domain,create,USD,24.36,provider=openprovider
ist,domain,renew,USD,24.36,provider=openprovider
ist,domain,transfer,USD,24.36,provider=openprovider
istanbul,domain,create,USD,30.36,provider=openprovider
istanbul,domain,renew,USD,30.36,provider=openprovider
istanbul,domain,transfer,USD,30.36,provider=openprovider
it,domain,create,USD,6.12,provider=openprovider
it,domain,renew,USD,19.61,provider=openprovider
it,domain,transfer,USD,19.61,provider=openprovider
it.ao,domain,create,USD,347.1,provider=openprovider
it.ao,domain,renew,USD,472.2,provider=openprovider
it.ao,domain,transfer,USD,347.1,provider=openprovider
it.com,domain,create,USD,31.9,provider=openprovider
it.com,domain,renew,USD,31.9,provider=openprovider
it.com,domain,transfer,USD,31.9,provider=openprovider
it.pr,domain,create,USD,294,provider=openprovider
it.pr,domain,renew,USD,294,provider=openprovider
it.pr,domain,transfer,USD,294,provider=openprovider
jampa.br,domain,create,USD,42.25,provider=openprovider
jampa.br,domain,renew,USD,42.25,provider=openprovider
jampa.br,domain,transfer,USD,0,provider=openprovider
jaworzno.pl,domain,create,USD,14.2,provider=openprovider
jaworzno.pl,domain,renew,USD,34.08,provider=openprovider
jaworzno.pl,domain,transfer,USD,0,provider=openprovider
je,domain,create,USD,233.04,provider=openprovider
je,domain,renew,USD,233.04,provider=openprovider
je,domain,transfer,USD,233.04,provider=openprovider
jelenia-gora.pl,domain,create,USD,14.2,provider=openprovider
jelenia-gora.pl,domain,renew,USD,34.08,provider=openprovider
jelenia-gora.pl,domain,transfer,USD,0,provider=openprovider
jetzt,domain,create,USD,28,provider=openprovider
jetzt,domain,renew,USD,28,provider=openprovider
jetzt,domain,transfer,USD,28,provider=openprovider
jewelry,domain,create,USD,65,provider=openprovider
jewelry,domain,renew,USD,65,provider=openprovider
jewelry,domain,transfer,USD,65,provider=openprovider
jgora.pl,domain,create,USD,14.2,provider=openprovider
jgora.pl,domain,renew,USD,34.08,provider=openprovider
jgora.pl,domain,transfer,USD,0,provider=openprovider
jl.cn,domain,create,USD,33.26,provider=openprovider
jl.cn,domain,renew,USD,33.26,provider=openprovider
jl.cn,domain,transfer,USD,33.26,provider=openprovider
jobs,domain,create,USD,199,provider=openprovider
jobs,domain,renew,USD,199,provider=openprovider
jobs,domain,transfer,USD,199,provider=openprovider
joburg,domain,create,USD,21.42,provider=openprovider
joburg,domain,renew,USD,21.42,provider=openprovider
joburg,domain,transfer,USD,21.42,provider=openprovider
jp,domain,create,USD,74.5,provider=openprovider
jp,domain,renew,USD,149,provider=openprovider
jp,domain,transfer,USD,0,provider=openprovider
jp.net,domain,create,USD,21.95,provider=openprovider
jp.net,domain,renew,USD,21.95,provider=openprovider
jp.net,domain,transfer,USD,21.95,provider=openprovider
jpn.com,domain,create,USD,60,provider=openprovider
jpn.com,domain,renew,USD,60,provider=openprovider
jpn.com,domain,transfer,USD,60,provider=openprovider
js.cn,domain,create,USD,33.26,provider=openprovider
js.cn,domain,renew,USD,33.26,provider=openprovider
js.cn,domain,transfer,USD,33.26,provider=openprovider
juegos,domain,create,USD,600.36,provider=openprovider
juegos,domain,renew,USD,600.36,provider=openprovider
juegos,domain,transfer,USD,600.36,provider=openprovider
jur.pro,domain,create,USD,226,provider=openprovider
jur.pro,domain,renew,USD,226,provider=openprovider
jur.pro,domain,transfer,USD,270.36,provider=openprovider
jx.cn,domain,create,USD,33.26,provider=openprovider
jx.cn,domain,renew,USD,33.26,provider=openprovider
jx.cn,domain,transfer,USD,33.26,provider=openprovider
k12.ec,domain,create,USD,39.95,provider=openprovider
k12.ec,domain,renew,USD,39.95,provider=openprovider
k12.ec,domain,transfer,USD,39.95,provider=openprovider
kalisz.pl,domain,create,USD,14.2,provider=openprovider
kalisz.pl,domain,renew,USD,34.08,provider=openprovider
kalisz.pl,domain,transfer,USD,0,provider=openprovider
karpacz.pl,domain,create,USD,14.2,provider=openprovider
karpacz.pl,domain,renew,USD,34.08,provider=openprovider
karpacz.pl,domain,transfer,USD,0,provider=openprovider
kartuzy.pl,domain,create,USD,14.2,provider=openprovider
kartuzy.pl,domain,renew,USD,34.08,provider=openprovider
kartuzy.pl,domain,transfer,USD,0,provider=openprovider
kaszuby.pl,domain,create,USD,14.2,provider=openprovider
kaszuby.pl,domain,renew,USD,34.08,provider=openprovider
kaszuby.pl,domain,transfer,USD,0,provider=openprovider
katowice.pl,domain,create,USD,14.2,provider=openprovider
katowice.pl,domain,renew,USD,34.08,provider=openprovider
katowice.pl,domain,transfer,USD,0,provider=openprovider
kaufen,domain,create,USD,46,provider=openprovider
kaufen,domain,renew,USD,46,provider=openprovider
kaufen,domain,transfer,USD,46,provider=openprovider
kazimierz-dolny.pl,domain,create,USD,14.2,provider=openprovider
kazimierz-dolny.pl,domain,renew,USD,34.08,provider=openprovider
kazimierz-dolny.pl,domain,transfer,USD,0,provider=openprovider
ke,domain,create,USD,198,provider=openprovider
ke,domain,renew,USD,198,provider=openprovider
ke,domain,transfer,USD,39,provider=openprovider
kepno.pl,domain,create,USD,14.2,provider=openprovider
kepno.pl,domain,renew,USD,34.08,provider=openprovider
kepno.pl,domain,transfer,USD,0,provider=openprovider
ketrzyn.pl,domain,create,USD,14.2,provider=openprovider
ketrzyn.pl,domain,renew,USD,34.08,provider=openprovider
ketrzyn.pl,domain,transfer,USD,0,provider=openprovider
ki,domain,create,USD,1701.2,provider=openprovider
ki,domain,renew,USD,1701.2,provider=openprovider
ki,domain,transfer,USD,149.23,provider=openprovider
kids,domain,create,USD,25,provider=openprovider
kids,domain,renew,USD,33,provider=openprovider
kids,domain,transfer,USD,25,provider=openprovider
kiev.ua,domain,create,USD,14.71,provider=openprovider
kiev.ua,domain,renew,USD,18.39,provider=openprovider
kiev.ua,domain,transfer,USD,14.71,provider=openprovider
kim,domain,create,USD,21,provider=openprovider
kim,domain,renew,USD,21,provider=openprovider
kim,domain,transfer,USD,21,provider=openprovider
kitchen,domain,create,USD,65,provider=openprovider
kitchen,domain,renew,USD,65,provider=openprovider
kitchen,domain,transfer,USD,65,provider=openprovider
kiwi,domain,create,USD,31.42,provider=openprovider
kiwi,domain,renew,USD,31.42,provider=openprovider
kiwi,domain,transfer,USD,31.42,provider=openprovider
kiwi.nz,domain,create,USD,27.36,provider=openprovider
kiwi.nz,domain,renew,USD,27.36,provider=openprovider
kiwi.nz,domain,transfer,USD,0,provider=openprovider
klodzko.pl,domain,create,USD,14.2,provider=openprovider
klodzko.pl,domain,renew,USD,34.08,provider=openprovider
klodzko.pl,domain,transfer,USD,0,provider=openprovider
kobierzyce.pl,domain,create,USD,14.2,provider=openprovider
kobierzyce.pl,domain,renew,USD,34.08,provider=openprovider
kobierzyce.pl,domain,transfer,USD,0,provider=openprovider
koeln,domain,create,USD,36.77,provider=openprovider
koeln,domain,renew,USD,36.77,provider=openprovider
koeln,domain,transfer,USD,36.77,provider=openprovider
kolobrzeg.pl,domain,create,USD,14.2,provider=openprovider
kolobrzeg.pl,domain,renew,USD,34.08,provider=openprovider
kolobrzeg.pl,domain,transfer,USD,0,provider=openprovider
konin.pl,domain,create,USD,14.2,provider=openprovider
konin.pl,domain,renew,USD,34.08,provider=openprovider
konin.pl,domain,transfer,USD,0,provider=openprovider
konskowola.pl,domain,create,USD,14.2,provider=openprovider
konskowola.pl,domain,renew,USD,34.08,provider=openprovider
konskowola.pl,domain,transfer,USD,0,provider=openprovider
kr,domain,create,USD,60,provider=openprovider
kr,domain,renew,USD,72,provider=openprovider
kr,domain,transfer,USD,60,provider=openprovider
kr.com,domain,create,USD,50,provider=openprovider
kr.com,domain,renew,USD,35,provider=openprovider
kr.com,domain,transfer,USD,35,provider=openprovider
kr.it,domain,create,USD,19.56,provider=openprovider
kr.it,domain,renew,USD,19.56,provider=openprovider
kr.it,domain,transfer,USD,19.56,provider=openprovider
krd,domain,create,USD,100.36,provider=openprovider
krd,domain,renew,USD,100.36,provider=openprovider
krd,domain,transfer,USD,100.36,provider=openprovider
kutno.pl,domain,create,USD,14.2,provider=openprovider
kutno.pl,domain,renew,USD,34.08,provider=openprovider
kutno.pl,domain,transfer,USD,0,provider=openprovider
ky,domain,create,USD,97.83,provider=openprovider
ky,domain,renew,USD,97.83,provider=openprovider
ky,domain,transfer,USD,97.83,provider=openprovider
kyiv.ua,domain,create,USD,14.71,provider=openprovider
kyiv.ua,domain,renew,USD,18.39,provider=openprovider
kyiv.ua,domain,transfer,USD,14.71,provider=openprovider
kyoto,domain,create,USD,72.75,provider=openprovider
kyoto,domain,renew,USD,72.75,provider=openprovider
kyoto,domain,transfer,USD,72.75,provider=openprovider
l.lc,domain,create,USD,29,provider=openprovider
l.lc,domain,renew,USD,29,provider=openprovider
l.lc,domain,transfer,USD,29,provider=openprovider
la,domain,create,USD,52.5,provider=openprovider
la,domain,renew,USD,56,provider=openprovider
la,domain,transfer,USD,52.5,provider=openprovider
la-spezia.it,domain,create,USD,19.56,provider=openprovider
la-spezia.it,domain,renew,USD,19.56,provider=openprovider
la-spezia.it,domain,transfer,USD,19.56,provider=openprovider
land,domain,create,USD,47,provider=openprovider
land,domain,renew,USD,47,provider=openprovider
land,domain,transfer,USD,47,provider=openprovider
lapy.pl,domain,create,USD,14.2,provider=openprovider
lapy.pl,domain,renew,USD,34.08,provider=openprovider
lapy.pl,domain,transfer,USD,0,provider=openprovider
laquila.it,domain,create,USD,19.56,provider=openprovider
laquila.it,domain,renew,USD,19.56,provider=openprovider
laquila.it,domain,transfer,USD,19.56,provider=openprovider
laspezia.it,domain,create,USD,19.56,provider=openprovider
laspezia.it,domain,renew,USD,19.56,provider=openprovider
laspezia.it,domain,transfer,USD,19.56,provider=openprovider
lat,domain,create,USD,45.98,provider=openprovider
lat,domain,renew,USD,45.98,provider=openprovider
lat,domain,transfer,USD,45.98,provider=openprovider
latina.it,domain,create,USD,19.56,provider=openprovider
latina.it,domain,renew,USD,19.56,provider=openprovider
latina.it,domain,transfer,USD,19.56,provider=openprovider
law,domain,create,USD,159.98,provider=openprovider
law,domain,renew,USD,142,provider=openprovider
law,domain,transfer,USD,159.98,provider=openprovider
law.pro,domain,create,USD,222,provider=openprovider
law.pro,domain,renew,USD,222,provider=openprovider
law.pro,domain,transfer,USD,222,provider=openprovider
lawyer,domain,create,USD,62,provider=openprovider
lawyer,domain,renew,USD,62,provider=openprovider
lawyer,domain,transfer,USD,62,provider=openprovider
laz.it,domain,create,USD,19.56,provider=openprovider
laz.it,domain,renew,USD,19.56,provider=openprovider
laz.it,domain,transfer,USD,19.56,provider=openprovider
lazio.it,domain,create,USD,19.56,provider=openprovider
lazio.it,domain,renew,USD,19.56,provider=openprovider
lazio.it,domain,transfer,USD,19.56,provider=openprovider
lc,domain,create,USD,37,provider=openprovider
lc,domain,renew,USD,37,provider=openprovider
lc,domain,transfer,USD,37,provider=openprovider
lc.it,domain,create,USD,19.56,provider=openprovider
lc.it,domain,renew,USD,19.56,provider=openprovider
lc.it,domain,transfer,USD,19.56,provider=openprovider
le.it,domain,create,USD,19.56,provider=openprovider
le.it,domain,renew,USD,19.56,provider=openprovider
le.it,domain,transfer,USD,19.56,provider=openprovider
lease,domain,create,USD,80,provider=openprovider
lease,domain,renew,USD,80,provider=openprovider
lease,domain,transfer,USD,80,provider=openprovider
lebork.pl,domain,create,USD,14.2,provider=openprovider
lebork.pl,domain,renew,USD,34.08,provider=openprovider
lebork.pl,domain,transfer,USD,0,provider=openprovider
lecce.it,domain,create,USD,19.56,provider=openprovider
lecce.it,domain,renew,USD,19.56,provider=openprovider
lecce.it,domain,transfer,USD,19.56,provider=openprovider
lecco.it,domain,create,USD,19.56,provider=openprovider
lecco.it,domain,renew,USD,19.56,provider=openprovider
lecco.it,domain,transfer,USD,19.56,provider=openprovider
legal,domain,create,USD,69.99,provider=openprovider
legal,domain,renew,USD,69.99,provider=openprovider
legal,domain,transfer,USD,69.99,provider=openprovider
legnica.pl,domain,create,USD,14.2,provider=openprovider
legnica.pl,domain,renew,USD,34.08,provider=openprovider
legnica.pl,domain,transfer,USD,0,provider=openprovider
lezajsk.pl,domain,create,USD,14.2,provider=openprovider
lezajsk.pl,domain,renew,USD,34.08,provider=openprovider
lezajsk.pl,domain,transfer,USD,0,provider=openprovider
lgbt,domain,create,USD,75,provider=openprovider
lgbt,domain,renew,USD,75,provider=openprovider
lgbt,domain,transfer,USD,75,provider=openprovider
li,domain,create,USD,28.28,provider=openprovider
li,domain,renew,USD,28.28,provider=openprovider
li,domain,transfer,USD,0,provider=openprovider
li.it,domain,create,USD,19.56,provider=openprovider
li.it,domain,renew,USD,19.56,provider=openprovider
li.it,domain,transfer,USD,19.56,provider=openprovider
life,domain,create,USD,42,provider=openprovider
life,domain,renew,USD,42,provider=openprovider
life,domain,transfer,USD,42,provider=openprovider
lifestyle,domain,create,USD,45,provider=openprovider
lifestyle,domain,renew,USD,45,provider=openprovider
lifestyle,domain,transfer,USD,45,provider=openprovider
lig.it,domain,create,USD,19.56,provider=openprovider
lig.it,domain,renew,USD,19.56,provider=openprovider
lig.it,domain,transfer,USD,19.56,provider=openprovider
lighting,domain,create,USD,24.99,provider=openprovider
lighting,domain,renew,USD,24.99,provider=openprovider
lighting,domain,transfer,USD,24.99,provider=openprovider
liguria.it,domain,create,USD,19.56,provider=openprovider
liguria.it,domain,renew,USD,19.56,provider=openprovider
liguria.it,domain,transfer,USD,19.56,provider=openprovider
limanowa.pl,domain,create,USD,14.2,provider=openprovider
limanowa.pl,domain,renew,USD,34.08,provider=openprovider
limanowa.pl,domain,transfer,USD,0,provider=openprovider
limited,domain,create,USD,41,provider=openprovider
limited,domain,renew,USD,41,provider=openprovider
limited,domain,transfer,USD,41,provider=openprovider
limo,domain,create,USD,59,provider=openprovider
limo,domain,renew,USD,59,provider=openprovider
limo,domain,transfer,USD,59,provider=openprovider
link,domain,create,USD,18,provider=openprovider
link,domain,renew,USD,18,provider=openprovider
link,domain,transfer,USD,18,provider=openprovider
live,domain,create,USD,38,provider=openprovider
live,domain,renew,USD,38,provider=openprovider
live,domain,transfer,USD,38,provider=openprovider
living,domain,create,USD,45,provider=openprovider
living,domain,renew,USD,45,provider=openprovider
living,domain,transfer,USD,45,provider=openprovider
livorno.it,domain,create,USD,19.56,provider=openprovider
livorno.it,domain,renew,USD,19.56,provider=openprovider
livorno.it,domain,transfer,USD,19.56,provider=openprovider
lk,domain,create,USD,54.06,provider=openprovider
lk,domain,renew,USD,54.06,provider=openprovider
lk,domain,transfer,USD,0,provider=openprovider
llc,domain,create,USD,49,provider=openprovider
llc,domain,renew,USD,49,provider=openprovider
llc,domain,transfer,USD,49,provider=openprovider
ln.cn,domain,create,USD,33.26,provider=openprovider
ln.cn,domain,renew,USD,33.26,provider=openprovider
ln.cn,domain,transfer,USD,33.26,provider=openprovider
lo.it,domain,create,USD,19.56,provider=openprovider
lo.it,domain,renew,USD,19.56,provider=openprovider
lo.it,domain,transfer,USD,19.56,provider=openprovider
loan,domain,create,USD,33,provider=openprovider
loan,domain,renew,USD,33,provider=openprovider
loan,domain,transfer,USD,33,provider=openprovider
loans,domain,create,USD,119,provider=openprovider
loans,domain,renew,USD,119,provider=openprovider
loans,domain,transfer,USD,119,provider=openprovider
lodi.it,domain,create,USD,19.56,provider=openprovider
lodi.it,domain,renew,USD,19.56,provider=openprovider
lodi.it,domain,transfer,USD,19.56,provider=openprovider
loj.ec,domain,create,USD,29.95,provider=openprovider
loj.ec,domain,renew,USD,39.95,provider=openprovider
loj.ec,domain,transfer,USD,39.95,provider=openprovider
lol,domain,create,USD,45.98,provider=openprovider
lol,domain,renew,USD,45.98,provider=openprovider
lol,domain,transfer,USD,45.98,provider=openprovider
lom.it,domain,create,USD,19.56,provider=openprovider
lom.it,domain,renew,USD,19.56,provider=openprovider
lom.it,domain,transfer,USD,19.56,provider=openprovider
lombardia.it,domain,create,USD,19.56,provider=openprovider
lombardia.it,domain,renew,USD,19.56,provider=openprovider
lombardia.it,domain,transfer,USD,19.56,provider=openprovider
lombardy.it,domain,create,USD,19.56,provider=openprovider
lombardy.it,domain,renew,USD,19.56,provider=openprovider
lombardy.it,domain,transfer,USD,19.56,provider=openprovider
lomza.pl,domain,create,USD,14.2,provider=openprovider
lomza.pl,domain,renew,USD,34.08,provider=openprovider
lomza.pl,domain,transfer,USD,0,provider=openprovider
london,domain,create,USD,57.66,provider=openprovider
london,domain,renew,USD,57.66,provider=openprovider
london,domain,transfer,USD,57.66,provider=openprovider
lotto,domain,create,USD,1485,provider=openprovider
lotto,domain,renew,USD,1791,provider=openprovider
lotto,domain,transfer,USD,1791,provider=openprovider
love,domain,create,USD,39.98,provider=openprovider
love,domain,renew,USD,39.98,provider=openprovider
love,domain,transfer,USD,40.36,provider=openprovider
lowicz.pl,domain,create,USD,14.2,provider=openprovider
lowicz.pl,domain,renew,USD,34.08,provider=openprovider
lowicz.pl,domain,transfer,USD,0,provider=openprovider
ls,domain,create,USD,218.89,provider=openprovider
ls,domain,renew,USD,183.12,provider=openprovider
ls,domain,transfer,USD,127.33,provider=openprovider
lt,domain,create,USD,12.24,provider=openprovider
lt,domain,renew,USD,19.61,provider=openprovider
lt,domain,transfer,USD,0,provider=openprovider
lt.it,domain,create,USD,19.56,provider=openprovider
lt.it,domain,renew,USD,19.56,provider=openprovider
lt.it,domain,transfer,USD,19.56,provider=openprovider
ltd,domain,create,USD,35,provider=openprovider
ltd,domain,renew,USD,35,provider=openprovider
ltd,domain,transfer,USD,35,provider=openprovider
ltd.gi,domain,create,USD,179.07,provider=openprovider
ltd.gi,domain,renew,USD,174.16,provider=openprovider
ltd.gi,domain,transfer,USD,174.16,provider=openprovider
ltd.uk,domain,create,USD,19.1,provider=openprovider
ltd.uk,domain,renew,USD,19.1,provider=openprovider
ltd.uk,domain,transfer,USD,0,provider=openprovider
ltda,domain,create,USD,56.36,provider=openprovider
ltda,domain,renew,USD,56.36,provider=openprovider
ltda,domain,transfer,USD,56.36,provider=openprovider
lu,domain,create,USD,36.73,provider=openprovider
lu,domain,renew,USD,36.73,provider=openprovider
lu,domain,transfer,USD,36.73,provider=openprovider
lu.it,domain,create,USD,19.56,provider=openprovider
lu.it,domain,renew,USD,19.56,provider=openprovider
lu.it,domain,transfer,USD,19.56,provider=openprovider
lubin.pl,domain,create,USD,14.2,provider=openprovider
lubin.pl,domain,renew,USD,34.08,provider=openprovider
lubin.pl,domain,transfer,USD,0,provider=openprovider
lucania.it,domain,create,USD,19.56,provider=openprovider
lucania.it,domain,renew,USD,19.56,provider=openprovider
lucania.it,domain,transfer,USD,19.56,provider=openprovider
lucca.it,domain,create,USD,19.56,provider=openprovider
lucca.it,domain,renew,USD,19.56,provider=openprovider
lucca.it,domain,transfer,USD,19.56,provider=openprovider
lukow.pl,domain,create,USD,14.2,provider=openprovider
lukow.pl,domain,renew,USD,34.08,provider=openprovider
lukow.pl,domain,transfer,USD,0,provider=openprovider
luxe,domain,create,USD,19.98,provider=openprovider
luxe,domain,renew,USD,25.98,provider=openprovider
luxe,domain,transfer,USD,19.98,provider=openprovider
luxury,domain,create,USD,50.36,provider=openprovider
luxury,domain,renew,USD,50.36,provider=openprovider
luxury,domain,transfer,USD,50.36,provider=openprovider
lv,domain,create,USD,10.43,provider=openprovider
lv,domain,renew,USD,16.44,provider=openprovider
lv,domain,transfer,USD,0,provider=openprovider
ma,domain,create,USD,220.77,provider=openprovider
ma,domain,renew,USD,220.77,provider=openprovider
ma,domain,transfer,USD,282.1,provider=openprovider
macapa.br,domain,create,USD,35.69,provider=openprovider
macapa.br,domain,renew,USD,35.69,provider=openprovider
macapa.br,domain,transfer,USD,0,provider=openprovider
macerata.it,domain,create,USD,19.56,provider=openprovider
macerata.it,domain,renew,USD,19.56,provider=openprovider
macerata.it,domain,transfer,USD,19.56,provider=openprovider
madrid,domain,create,USD,61.33,provider=openprovider
madrid,domain,renew,USD,61.33,provider=openprovider
madrid,domain,transfer,USD,61.33,provider=openprovider
mail.pl,domain,create,USD,34.08,provider=openprovider
mail.pl,domain,renew,USD,42.6,provider=openprovider
mail.pl,domain,transfer,USD,0,provider=openprovider
maison,domain,create,USD,57,provider=openprovider
maison,domain,renew,USD,57,provider=openprovider
maison,domain,transfer,USD,57,provider=openprovider
makeup,domain,create,USD,20.98,provider=openprovider
makeup,domain,renew,USD,18.98,provider=openprovider
makeup,domain,transfer,USD,18.98,provider=openprovider
malbork.pl,domain,create,USD,14.2,provider=openprovider
malbork.pl,domain,renew,USD,34.08,provider=openprovider
malbork.pl,domain,transfer,USD,0,provider=openprovider
malopolska.pl,domain,create,USD,14.2,provider=openprovider
malopolska.pl,domain,renew,USD,34.08,provider=openprovider
malopolska.pl,domain,transfer,USD,0,provider=openprovider
management,domain,create,USD,27.98,provider=openprovider
management,domain,renew,USD,27.98,provider=openprovider
management,domain,transfer,USD,27.98,provider=openprovider
mantova.it,domain,create,USD,19.56,provider=openprovider
mantova.it,domain,renew,USD,19.56,provider=openprovider
mantova.it,domain,transfer,USD,19.56,provider=openprovider
maori.nz,domain,create,USD,27.36,provider=openprovider
maori.nz,domain,renew,USD,27.36,provider=openprovider
maori.nz,domain,transfer,USD,0,provider=openprovider
mar.it,domain,create,USD,19.56,provider=openprovider
mar.it,domain,renew,USD,19.56,provider=openprovider
mar.it,domain,transfer,USD,19.56,provider=openprovider
marche.it,domain,create,USD,19.56,provider=openprovider
marche.it,domain,renew,USD,19.56,provider=openprovider
marche.it,domain,transfer,USD,19.56,provider=openprovider
market,domain,create,USD,49.5,provider=openprovider
market,domain,renew,USD,49.5,provider=openprovider
market,domain,transfer,USD,49.5,provider=openprovider
marketing,domain,create,USD,47,provider=openprovider
marketing,domain,renew,USD,47,provider=openprovider
marketing,domain,transfer,USD,47,provider=openprovider
markets,domain,create,USD,30,provider=openprovider
markets,domain,renew,USD,30,provider=openprovider
markets,domain,transfer,USD,30,provider=openprovider
massa-carrara.it,domain,create,USD,19.56,provider=openprovider
massa-carrara.it,domain,renew,USD,19.56,provider=openprovider
massa-carrara.it,domain,transfer,USD,19.56,provider=openprovider
massacarrara.it,domain,create,USD,19.56,provider=openprovider
massacarrara.it,domain,renew,USD,19.56,provider=openprovider
massacarrara.it,domain,transfer,USD,19.56,provider=openprovider
matera.it,domain,create,USD,19.56,provider=openprovider
matera.it,domain,renew,USD,19.56,provider=openprovider
matera.it,domain,transfer,USD,19.56,provider=openprovider
mazowsze.pl,domain,create,USD,14.2,provider=openprovider
mazowsze.pl,domain,renew,USD,34.08,provider=openprovider
mazowsze.pl,domain,transfer,USD,0,provider=openprovider
mazury.pl,domain,create,USD,14.2,provider=openprovider
mazury.pl,domain,renew,USD,34.08,provider=openprovider
mazury.pl,domain,transfer,USD,0,provider=openprovider
mb.it,domain,create,USD,19.56,provider=openprovider
mb.it,domain,renew,USD,19.56,provider=openprovider
mb.it,domain,transfer,USD,19.56,provider=openprovider
mba,domain,create,USD,48,provider=openprovider
mba,domain,renew,USD,48,provider=openprovider
mba,domain,transfer,USD,48,provider=openprovider
mc.it,domain,create,USD,19.56,provider=openprovider
mc.it,domain,renew,USD,19.56,provider=openprovider
mc.it,domain,transfer,USD,19.56,provider=openprovider
me,domain,create,USD,20.84,provider=openprovider
me,domain,renew,USD,33.1,provider=openprovider
me,domain,transfer,USD,22.06,provider=openprovider
me.bh,domain,create,USD,330,provider=openprovider
me.bh,domain,renew,USD,330,provider=openprovider
me.bh,domain,transfer,USD,330,provider=openprovider
me.in,domain,create,USD,7.67,provider=openprovider
me.in,domain,renew,USD,10.96,provider=openprovider
me.in,domain,transfer,USD,7.67,provider=openprovider
me.it,domain,create,USD,19.56,provider=openprovider
me.it,domain,renew,USD,19.56,provider=openprovider
me.it,domain,transfer,USD,19.56,provider=openprovider
me.ke,domain,create,USD,124,provider=openprovider
me.ke,domain,renew,USD,64,provider=openprovider
me.ke,domain,transfer,USD,59,provider=openprovider
me.ss,domain,create,USD,183.98,provider=openprovider
me.ss,domain,renew,USD,120.2,provider=openprovider
me.ss,domain,transfer,USD,183.98,provider=openprovider
me.tz,domain,create,USD,73.59,provider=openprovider
me.tz,domain,renew,USD,91.99,provider=openprovider
me.tz,domain,transfer,USD,0,provider=openprovider
me.uk,domain,create,USD,19.1,provider=openprovider
me.uk,domain,renew,USD,19.1,provider=openprovider
me.uk,domain,transfer,USD,0,provider=openprovider
med.ec,domain,create,USD,48,provider=openprovider
med.ec,domain,renew,USD,70,provider=openprovider
med.ec,domain,transfer,USD,70,provider=openprovider
med.ee,domain,create,USD,80.21,provider=openprovider
med.ee,domain,renew,USD,26.98,provider=openprovider
med.ee,domain,transfer,USD,0,provider=openprovider
med.pro,domain,create,USD,222,provider=openprovider
med.pro,domain,renew,USD,270.36,provider=openprovider
med.pro,domain,transfer,USD,222,provider=openprovider
media,domain,create,USD,51.5,provider=openprovider
media,domain,renew,USD,51.5,provider=openprovider
media,domain,transfer,USD,51.5,provider=openprovider
media.pl,domain,create,USD,34.08,provider=openprovider
media.pl,domain,renew,USD,42.6,provider=openprovider
media.pl,domain,transfer,USD,0,provider=openprovider
medio-campidano.it,domain,create,USD,19.56,provider=openprovider
medio-campidano.it,domain,renew,USD,19.56,provider=openprovider
medio-campidano.it,domain,transfer,USD,19.56,provider=openprovider
mediocampidano.it,domain,create,USD,19.56,provider=openprovider
mediocampidano.it,domain,renew,USD,19.56,provider=openprovider
mediocampidano.it,domain,transfer,USD,19.56,provider=openprovider
melbourne,domain,create,USD,74.61,provider=openprovider
melbourne,domain,renew,USD,74.61,provider=openprovider
melbourne,domain,transfer,USD,74.61,provider=openprovider
meme,domain,create,USD,12,provider=openprovider
meme,domain,renew,USD,17,provider=openprovider
meme,domain,transfer,USD,12,provider=openprovider
memorial,domain,create,USD,71.36,provider=openprovider
memorial,domain,renew,USD,49,provider=openprovider
memorial,domain,transfer,USD,49,provider=openprovider
men,domain,create,USD,33,provider=openprovider
men,domain,renew,USD,33,provider=openprovider
men,domain,transfer,USD,33,provider=openprovider
menu,domain,create,USD,50.36,provider=openprovider
menu,domain,renew,USD,50.36,provider=openprovider
menu,domain,transfer,USD,50.36,provider=openprovider
messina.it,domain,create,USD,19.56,provider=openprovider
messina.it,domain,renew,USD,19.56,provider=openprovider
messina.it,domain,transfer,USD,19.56,provider=openprovider
mex.com,domain,create,USD,25.95,provider=openprovider
mex.com,domain,renew,USD,25.95,provider=openprovider
mex.com,domain,transfer,USD,25.95,provider=openprovider
mg,domain,create,USD,154.54,provider=openprovider
mg,domain,renew,USD,244.69,provider=openprovider
mg,domain,transfer,USD,154.54,provider=openprovider
mi.it,domain,create,USD,19.56,provider=openprovider
mi.it,domain,renew,USD,19.56,provider=openprovider
mi.it,domain,transfer,USD,19.56,provider=openprovider
miami,domain,create,USD,21.98,provider=openprovider
miami,domain,renew,USD,24.98,provider=openprovider
miami,domain,transfer,USD,24.98,provider=openprovider
miasta.pl,domain,create,USD,34.08,provider=openprovider
miasta.pl,domain,renew,USD,42.6,provider=openprovider
miasta.pl,domain,transfer,USD,0,provider=openprovider
mielec.pl,domain,create,USD,14.2,provider=openprovider
mielec.pl,domain,renew,USD,34.08,provider=openprovider
mielec.pl,domain,transfer,USD,0,provider=openprovider
mielno.pl,domain,create,USD,14.2,provider=openprovider
mielno.pl,domain,renew,USD,34.08,provider=openprovider
mielno.pl,domain,transfer,USD,0,provider=openprovider
mil.pl,domain,create,USD,34.08,provider=openprovider
mil.pl,domain,renew,USD,42.6,provider=openprovider
mil.pl,domain,transfer,USD,0,provider=openprovider
mil.tz,domain,create,USD,73.59,provider=openprovider
mil.tz,domain,renew,USD,91.99,provider=openprovider
mil.tz,domain,transfer,USD,0,provider=openprovider
milan.it,domain,create,USD,19.56,provider=openprovider
milan.it,domain,renew,USD,19.56,provider=openprovider
milan.it,domain,transfer,USD,19.56,provider=openprovider
milano.it,domain,create,USD,19.56,provider=openprovider
milano.it,domain,renew,USD,19.56,provider=openprovider
milano.it,domain,transfer,USD,19.56,provider=openprovider
mk,domain,create,USD,51,provider=openprovider
mk,domain,renew,USD,51,provider=openprovider
mk,domain,transfer,USD,0,provider=openprovider
mn,domain,create,USD,82.99,provider=openprovider
mn,domain,renew,USD,82.99,provider=openprovider
mn,domain,transfer,USD,82.99,provider=openprovider
mn.it,domain,create,USD,19.56,provider=openprovider
mn.it,domain,renew,USD,19.56,provider=openprovider
mn.it,domain,transfer,USD,19.56,provider=openprovider
mo.bi,domain,create,USD,95.67,provider=openprovider
mo.bi,domain,renew,USD,127.56,provider=openprovider
mo.bi,domain,transfer,USD,127.56,provider=openprovider
mo.cn,domain,create,USD,33.26,provider=openprovider
mo.cn,domain,renew,USD,33.26,provider=openprovider
mo.cn,domain,transfer,USD,33.26,provider=openprovider
mo.it,domain,create,USD,19.56,provider=openprovider
mo.it,domain,renew,USD,19.56,provider=openprovider
mo.it,domain,transfer,USD,19.56,provider=openprovider
mobi,domain,create,USD,59.98,provider=openprovider
mobi,domain,renew,USD,69.98,provider=openprovider
mobi,domain,transfer,USD,59.98,provider=openprovider
mobi.ke,domain,create,USD,64,provider=openprovider
mobi.ke,domain,renew,USD,64,provider=openprovider
mobi.ke,domain,transfer,USD,59,provider=openprovider
mobi.ng,domain,create,NGN,6000,provider=nira
mobi.ng,domain,create,USD,4.44,provider=nira
mobi.ng,domain,renew,NGN,6000,provider=nira
mobi.ng,domain,renew,USD,4.44,provider=nira
mobi.ng,domain,transfer,NGN,6000,provider=nira
mobi.ng,domain,transfer,USD,4.44,provider=nira
mobi.tz,domain,create,USD,73.59,provider=openprovider
mobi.tz,domain,renew,USD,91.99,provider=openprovider
mobi.tz,domain,transfer,USD,0,provider=openprovider
moda,domain,create,USD,47,provider=openprovider
moda,domain,renew,USD,47,provider=openprovider
moda,domain,transfer,USD,47,provider=openprovider
modena.it,domain,create,USD,19.56,provider=openprovider
modena.it,domain,renew,USD,19.56,provider=openprovider
modena.it,domain,transfer,USD,19.56,provider=openprovider
moe,domain,create,USD,24.36,provider=openprovider
moe,domain,renew,USD,24.36,provider=openprovider
moe,domain,transfer,USD,24.36,provider=openprovider
mol.it,domain,create,USD,19.56,provider=openprovider
mol.it,domain,renew,USD,19.56,provider=openprovider
mol.it,domain,transfer,USD,19.56,provider=openprovider
molise.it,domain,create,USD,19.56,provider=openprovider
molise.it,domain,renew,USD,19.56,provider=openprovider
molise.it,domain,transfer,USD,19.56,provider=openprovider
mom,domain,create,USD,42.98,provider=openprovider
mom,domain,renew,USD,50.36,provider=openprovider
mom,domain,transfer,USD,50.36,provider=openprovider
money,domain,create,USD,30,provider=openprovider
money,domain,renew,USD,45,provider=openprovider
money,domain,transfer,USD,27.6,provider=openprovider
monster,domain,create,USD,20.98,provider=openprovider
monster,domain,renew,USD,20.98,provider=openprovider
monster,domain,transfer,USD,20.98,provider=openprovider
monza-brianza.it,domain,create,USD,19.56,provider=openprovider
monza-brianza.it,domain,renew,USD,19.56,provider=openprovider
monza-brianza.it,domain,transfer,USD,19.56,provider=openprovider
monza-e-della-brianza.it,domain,create,USD,19.56,provider=openprovider
monza-e-della-brianza.it,domain,renew,USD,19.56,provider=openprovider
monza-e-della-brianza.it,domain,transfer,USD,19.56,provider=openprovider
monza.it,domain,create,USD,19.56,provider=openprovider
monza.it,domain,renew,USD,19.56,provider=openprovider
monza.it,domain,transfer,USD,19.56,provider=openprovider
monzabrianza.it,domain,create,USD,19.56,provider=openprovider
monzabrianza.it,domain,renew,USD,19.56,provider=openprovider
monzabrianza.it,domain,transfer,USD,19.56,provider=openprovider
monzaebrianza.it,domain,create,USD,19.56,provider=openprovider
monzaebrianza.it,domain,renew,USD,19.56,provider=openprovider
monzaebrianza.it,domain,transfer,USD,19.56,provider=openprovider
monzaedellabrianza.it,domain,create,USD,19.56,provider=openprovider
monzaedellabrianza.it,domain,renew,USD,19.56,provider=openprovider
monzaedellabrianza.it,domain,transfer,USD,19.56,provider=openprovider
mortgage,domain,create,USD,62,provider=openprovider
mortgage,domain,renew,USD,62,provider=openprovider
mortgage,domain,transfer,USD,62,provider=openprovider
moscow,domain,create,USD,18.4,provider=openprovider
moscow,domain,renew,USD,18.4,provider=openprovider
moscow,domain,transfer,USD,18.4,provider=openprovider
motorcycles,domain,create,USD,20.98,provider=openprovider
motorcycles,domain,renew,USD,20.98,provider=openprovider
motorcycles,domain,transfer,USD,18.98,provider=openprovider
mov,domain,create,USD,12,provider=openprovider
mov,domain,renew,USD,17,provider=openprovider
mov,domain,transfer,USD,12,provider=openprovider
movie,domain,create,USD,295,provider=openprovider
movie,domain,renew,USD,295,provider=openprovider
movie,domain,transfer,USD,295,provider=openprovider
mq,domain,create,USD,375.31,provider=openprovider
mq,domain,renew,USD,245.3,provider=openprovider
mq,domain,transfer,USD,110.39,provider=openprovider
mr,domain,create,USD,276,provider=openprovider
mr,domain,renew,USD,224,provider=openprovider
mr,domain,transfer,USD,52,provider=openprovider
mragowo.pl,domain,create,USD,14.2,provider=openprovider
mragowo.pl,domain,renew,USD,34.08,provider=openprovider
mragowo.pl,domain,transfer,USD,0,provider=openprovider
ms,domain,create,USD,129,provider=openprovider
ms,domain,renew,USD,129,provider=openprovider
ms,domain,transfer,USD,129,provider=openprovider
ms.it,domain,create,USD,19.56,provider=openprovider
ms.it,domain,renew,USD,19.56,provider=openprovider
ms.it,domain,transfer,USD,19.56,provider=openprovider
mt,domain,create,USD,131.24,provider=openprovider
mt,domain,renew,USD,242.85,provider=openprovider
mt,domain,transfer,USD,242.85,provider=openprovider
mt.it,domain,create,USD,19.56,provider=openprovider
mt.it,domain,renew,USD,19.56,provider=openprovider
mt.it,domain,transfer,USD,19.56,provider=openprovider
mu,domain,create,USD,150,provider=openprovider
mu,domain,renew,USD,150,provider=openprovider
mu,domain,transfer,USD,150,provider=openprovider
museum,domain,create,USD,122.41,provider=openprovider
museum,domain,renew,USD,122.41,provider=openprovider
museum,domain,transfer,USD,122.41,provider=openprovider
music,domain,create,USD,45,provider=openprovider
music,domain,renew,USD,63,provider=openprovider
music,domain,transfer,USD,45,provider=openprovider
mx,domain,create,USD,48.98,provider=openprovider
mx,domain,renew,USD,60.98,provider=openprovider
mx,domain,transfer,USD,48.98,provider=openprovider
na.it,domain,create,USD,19.56,provider=openprovider
na.it,domain,renew,USD,19.56,provider=openprovider
na.it,domain,transfer,USD,19.56,provider=openprovider
nagoya,domain,create,USD,19.84,provider=openprovider
nagoya,domain,renew,USD,19.84,provider=openprovider
nagoya,domain,transfer,USD,13.42,provider=openprovider
naklo.pl,domain,create,USD,14.2,provider=openprovider
naklo.pl,domain,renew,USD,34.08,provider=openprovider
naklo.pl,domain,transfer,USD,0,provider=openprovider
name,domain,create,USD,20,provider=openprovider
name,domain,renew,USD,20,provider=openprovider
name,domain,transfer,USD,20,provider=openprovider
name.bh,domain,create,USD,330,provider=openprovider
name.bh,domain,renew,USD,330,provider=openprovider
name.bh,domain,transfer,USD,330,provider=openprovider
name.ng,domain,create,NGN,400,provider=nira
name.ng,domain,create,USD,0.3,provider=nira
name.ng,domain,renew,NGN,400,provider=nira
name.ng,domain,renew,USD,0.3,provider=nira
name.ng,domain,transfer,NGN,400,provider=nira
name.ng,domain,transfer,USD,0.3,provider=nira
name.vn,domain,create,USD,145,provider=openprovider
name.vn,domain,renew,USD,145,provider=openprovider
name.vn,domain,transfer,USD,0,provider=openprovider
naples.it,domain,create,USD,19.56,provider=openprovider
naples.it,domain,renew,USD,19.56,provider=openprovider
naples.it,domain,transfer,USD,19.56,provider=openprovider
napoli.it,domain,create,USD,19.56,provider=openprovider
napoli.it,domain,renew,USD,19.56,provider=openprovider
napoli.it,domain,transfer,USD,19.56,provider=openprovider
navy,domain,create,USD,47,provider=openprovider
navy,domain,renew,USD,47,provider=openprovider
navy,domain,transfer,USD,47,provider=openprovider
ne.ke,domain,create,USD,174.16,provider=openprovider
ne.ke,domain,renew,USD,174.16,provider=openprovider
ne.ke,domain,transfer,USD,174.16,provider=openprovider
ne.kr,domain,create,USD,60,provider=openprovider
ne.kr,domain,renew,USD,72,provider=openprovider
ne.kr,domain,transfer,USD,60,provider=openprovider
ne.tz,domain,create,USD,73.59,provider=openprovider
ne.tz,domain,renew,USD,91.99,provider=openprovider
ne.tz,domain,transfer,USD,0,provider=openprovider
net,domain,create,USD,15.53,provider=openprovider
net,domain,renew,USD,19.99,provider=openprovider
net,domain,transfer,USD,19.99,provider=openprovider
net.af,domain,create,USD,66.8,provider=openprovider
net.af,domain,renew,USD,66.8,provider=openprovider
net.af,domain,transfer,USD,66.8,provider=openprovider
net.ag,domain,create,USD,100,provider=openprovider
net.ag,domain,renew,USD,100,provider=openprovider
net.ag,domain,transfer,USD,100,provider=openprovider
net.ai,domain,create,USD,109,provider=openprovider
net.ai,domain,renew,USD,134,provider=openprovider
net.ai,domain,transfer,USD,109,provider=openprovider
net.al,domain,create,USD,79,provider=openprovider
net.al,domain,renew,USD,75,provider=openprovider
net.al,domain,transfer,USD,75,provider=openprovider
net.ar,domain,create,USD,116,provider=openprovider
net.ar,domain,renew,USD,84,provider=openprovider
net.ar,domain,transfer,USD,0,provider=openprovider
net.au,domain,create,USD,14.91,provider=openprovider
net.au,domain,renew,USD,14.91,provider=openprovider
net.au,domain,transfer,USD,0,provider=openprovider
net.bd,domain,create,USD,235,provider=openprovider
net.bd,domain,renew,USD,85,provider=openprovider
net.bd,domain,transfer,USD,126,provider=openprovider
net.bh,domain,create,USD,330,provider=openprovider
net.bh,domain,renew,USD,330,provider=openprovider
net.bh,domain,transfer,USD,330,provider=openprovider
net.bj,domain,create,USD,40.47,provider=openprovider
net.bj,domain,renew,USD,53.97,provider=openprovider
net.bj,domain,transfer,USD,53.97,provider=openprovider
net.bo,domain,create,USD,136,provider=openprovider
net.bo,domain,renew,USD,220,provider=openprovider
net.bo,domain,transfer,USD,50,provider=openprovider
net.br,domain,create,USD,42.25,provider=openprovider
net.br,domain,renew,USD,42.25,provider=openprovider
net.br,domain,transfer,USD,0,provider=openprovider
net.bw,domain,create,USD,123.88,provider=openprovider
net.bw,domain,renew,USD,183.98,provider=openprovider
net.bw,domain,transfer,USD,0,provider=openprovider
net.bz,domain,create,USD,70,provider=openprovider
net.bz,domain,renew,USD,70,provider=openprovider
net.bz,domain,transfer,USD,70,provider=openprovider
net.cm,domain,create,USD,161.5,provider=openprovider
net.cm,domain,renew,USD,161.5,provider=openprovider
net.cm,domain,transfer,USD,99,provider=openprovider
net.cn,domain,create,USD,33.26,provider=openprovider
net.cn,domain,renew,USD,33.26,provider=openprovider
net.cn,domain,transfer,USD,33.26,provider=openprovider
net.co,domain,create,USD,19.8,provider=openprovider
net.co,domain,renew,USD,19.8,provider=openprovider
net.co,domain,transfer,USD,19.8,provider=openprovider
net.ec,domain,create,USD,39.95,provider=openprovider
net.ec,domain,renew,USD,49.95,provider=openprovider
net.ec,domain,transfer,USD,49.95,provider=openprovider
net.ge,domain,create,USD,147.18,provider=openprovider
net.ge,domain,renew,USD,147.18,provider=openprovider
net.ge,domain,transfer,USD,147.18,provider=openprovider
net.gg,domain,create,USD,305.4,provider=openprovider
net.gg,domain,renew,USD,202.37,provider=openprovider
net.gg,domain,transfer,USD,202.37,provider=openprovider
net.gl,domain,create,USD,91.88,provider=openprovider
net.gl,domain,renew,USD,91.88,provider=openprovider
net.gl,domain,transfer,USD,91.88,provider=openprovider
net.gr,domain,create,USD,14.09,provider=openprovider
net.gr,domain,renew,USD,15.32,provider=openprovider
net.gr,domain,transfer,USD,0,provider=openprovider
net.gt,domain,create,USD,100.57,provider=openprovider
net.gt,domain,renew,USD,100.57,provider=openprovider
net.gt,domain,transfer,USD,0,provider=openprovider
net.gy,domain,create,USD,151,provider=openprovider
net.gy,domain,renew,USD,151,provider=openprovider
net.gy,domain,transfer,USD,151,provider=openprovider
net.hk,domain,create,USD,53.55,provider=openprovider
net.hk,domain,renew,USD,53.55,provider=openprovider
net.hk,domain,transfer,USD,0,provider=openprovider
net.hn,domain,create,USD,122,provider=openprovider
net.hn,domain,renew,USD,87,provider=openprovider
net.hn,domain,transfer,USD,122,provider=openprovider
net.ht,domain,create,USD,57,provider=openprovider
net.ht,domain,renew,USD,57,provider=openprovider
net.ht,domain,transfer,USD,57,provider=openprovider
net.im,domain,create,USD,42.92,provider=openprovider
net.im,domain,renew,USD,54.37,provider=openprovider
net.im,domain,transfer,USD,0,provider=openprovider
net.in,domain,create,USD,7.67,provider=openprovider
net.in,domain,renew,USD,10.96,provider=openprovider
net.in,domain,transfer,USD,7.67,provider=openprovider
net.je,domain,create,USD,233.04,provider=openprovider
net.je,domain,renew,USD,233.04,provider=openprovider
net.je,domain,transfer,USD,233.04,provider=openprovider
net.ki,domain,create,USD,166.39,provider=openprovider
net.ki,domain,renew,USD,255.18,provider=openprovider
net.ki,domain,transfer,USD,83.57,provider=openprovider
net.ky,domain,create,USD,97.83,provider=openprovider
net.ky,domain,renew,USD,97.83,provider=openprovider
net.ky,domain,transfer,USD,97.83,provider=openprovider
net.lc,domain,create,USD,29,provider=openprovider
net.lc,domain,renew,USD,29,provider=openprovider
net.lc,domain,transfer,USD,29,provider=openprovider
net.lv,domain,create,USD,28.15,provider=openprovider
net.lv,domain,renew,USD,28.15,provider=openprovider
net.lv,domain,transfer,USD,14.72,provider=openprovider
net.ma,domain,create,USD,116,provider=openprovider
net.ma,domain,renew,USD,180,provider=openprovider
net.ma,domain,transfer,USD,141,provider=openprovider
net.mg,domain,create,USD,154.54,provider=openprovider
net.mg,domain,renew,USD,244.69,provider=openprovider
net.mg,domain,transfer,USD,244.69,provider=openprovider
net.mk,domain,create,USD,51,provider=openprovider
net.mk,domain,renew,USD,51,provider=openprovider
net.mk,domain,transfer,USD,0,provider=openprovider
net.mt,domain,create,USD,79.72,provider=openprovider
net.mt,domain,renew,USD,61.31,provider=openprovider
net.mt,domain,transfer,USD,61.31,provider=openprovider
net.mu,domain,create,USD,109,provider=openprovider
net.mu,domain,renew,USD,109,provider=openprovider
net.mu,domain,transfer,USD,62,provider=openprovider
net.mx,domain,create,USD,15.98,provider=openprovider
net.mx,domain,renew,USD,37.98,provider=openprovider
net.mx,domain,transfer,USD,35.98,provider=openprovider
net.mz,domain,create,USD,355.69,provider=openprovider
net.mz,domain,renew,USD,304.17,provider=openprovider
net.mz,domain,transfer,USD,0,provider=openprovider
net.nf,domain,create,USD,88,provider=openprovider
net.nf,domain,renew,USD,123.5,provider=openprovider
net.nf,domain,transfer,USD,0,provider=openprovider
net.ng,domain,create,NGN,6000,provider=nira
net.ng,domain,create,USD,4.44,provider=nira
net.ng,domain,renew,NGN,6000,provider=nira
net.ng,domain,renew,USD,4.44,provider=nira
net.ng,domain,transfer,NGN,6000,provider=nira
net.ng,domain,transfer,USD,4.44,provider=nira
net.nz,domain,create,USD,27.36,provider=openprovider
net.nz,domain,renew,USD,27.36,provider=openprovider
net.nz,domain,transfer,USD,0,provider=openprovider
net.om,domain,create,USD,225.68,provider=openprovider
net.om,domain,renew,USD,181.52,provider=openprovider
net.om,domain,transfer,USD,181.52,provider=openprovider
net.pe,domain,create,USD,110,provider=openprovider
net.pe,domain,renew,USD,110,provider=openprovider
net.pe,domain,transfer,USD,110,provider=openprovider
net.ph,domain,create,USD,99.98,provider=openprovider
net.ph,domain,renew,USD,99.98,provider=openprovider
net.ph,domain,transfer,USD,29.98,provider=openprovider
net.pk,domain,create,USD,56,provider=openprovider
net.pk,domain,renew,USD,56,provider=openprovider
net.pk,domain,transfer,USD,56,provider=openprovider
net.pl,domain,create,USD,34.08,provider=openprovider
net.pl,domain,renew,USD,42.6,provider=openprovider
net.pl,domain,transfer,USD,0,provider=openprovider
net.pn,domain,create,USD,153.31,provider=openprovider
net.pn,domain,renew,USD,153.31,provider=openprovider
net.pn,domain,transfer,USD,242.85,provider=openprovider
net.ps,domain,create,USD,70,provider=openprovider
net.ps,domain,renew,USD,70,provider=openprovider
net.ps,domain,transfer,USD,65,provider=openprovider
net.rw,domain,create,USD,313.99,provider=openprovider
net.rw,domain,renew,USD,313.99,provider=openprovider
net.rw,domain,transfer,USD,58.87,provider=openprovider
net.sb,domain,create,USD,119.04,provider=openprovider
net.sb,domain,renew,USD,119.04,provider=openprovider
net.sb,domain,transfer,USD,119.04,provider=openprovider
net.sc,domain,create,USD,85,provider=openprovider
net.sc,domain,renew,USD,160,provider=openprovider
net.sc,domain,transfer,USD,160,provider=openprovider
net.sg,domain,create,USD,177.84,provider=openprovider
net.sg,domain,renew,USD,183.98,provider=openprovider
net.sg,domain,transfer,USD,0,provider=openprovider
net.so,domain,create,USD,80,provider=openprovider
net.so,domain,renew,USD,80,provider=openprovider
net.so,domain,transfer,USD,0,provider=openprovider
net.ss,domain,create,USD,183.98,provider=openprovider
net.ss,domain,renew,USD,183.98,provider=openprovider
net.ss,domain,transfer,USD,183.98,provider=openprovider
net.tt,domain,create,USD,78.66,provider=openprovider
net.tt,domain,renew,USD,78.66,provider=openprovider
net.tt,domain,transfer,USD,78.66,provider=openprovider
net.tw,domain,create,USD,63.78,provider=openprovider
net.tw,domain,renew,USD,47.83,provider=openprovider
net.tw,domain,transfer,USD,63.78,provider=openprovider
net.vc,domain,create,USD,51,provider=openprovider
net.vc,domain,renew,USD,51,provider=openprovider
net.vc,domain,transfer,USD,51,provider=openprovider
net.vn,domain,create,USD,145,provider=openprovider
net.vn,domain,renew,USD,145,provider=openprovider
net.vn,domain,transfer,USD,0,provider=openprovider
net.vu,domain,create,USD,97,provider=openprovider
net.vu,domain,renew,USD,142,provider=openprovider
net.vu,domain,transfer,USD,135,provider=openprovider
net.za,domain,create,USD,7.14,provider=openprovider
net.za,domain,renew,USD,13.63,provider=openprovider
net.za,domain,transfer,USD,0,provider=openprovider
network,domain,create,USD,40,provider=openprovider
network,domain,renew,USD,40,provider=openprovider
network,domain,transfer,USD,40,provider=openprovider
new,domain,create,USD,800.36,provider=openprovider
new,domain,renew,USD,800.36,provider=openprovider
new,domain,transfer,USD,800.36,provider=openprovider
news,domain,create,USD,38,provider=openprovider
news,domain,renew,USD,38,provider=openprovider
news,domain,transfer,USD,38,provider=openprovider
nexus,domain,create,USD,12,provider=openprovider
nexus,domain,renew,USD,17,provider=openprovider
nexus,domain,transfer,USD,12,provider=openprovider
nf,domain,create,USD,240,provider=openprovider
nf,domain,renew,USD,240,provider=openprovider
nf,domain,transfer,USD,137,provider=openprovider
ng,domain,create,NGN,13000,provider=nira
ng,domain,create,USD,9.63,provider=nira
ng,domain,renew,NGN,13000,provider=nira
ng,domain,renew,USD,9.63,provider=nira
ng,domain,transfer,NGN,13000,provider=nira
ng,domain,transfer,USD,9.63,provider=nira
ngo,domain,create,USD,30,provider=openprovider
ngo,domain,renew,USD,30,provider=openprovider
ngo,domain,transfer,USD,30,provider=openprovider
nieruchomosci.pl,domain,create,USD,34.08,provider=openprovider
nieruchomosci.pl,domain,renew,USD,42.6,provider=openprovider
nieruchomosci.pl,domain,transfer,USD,0,provider=openprovider
ninja,domain,create,USD,31,provider=openprovider
ninja,domain,renew,USD,31,provider=openprovider
ninja,domain,transfer,USD,31,provider=openprovider
nl,domain,create,USD,14.71,provider=openprovider
nl,domain,renew,USD,14.71,provider=openprovider
nl,domain,transfer,USD,0,provider=openprovider
nl.pr,domain,create,USD,294,provider=openprovider
nl.pr,domain,renew,USD,294,provider=openprovider
nl.pr,domain,transfer,USD,294,provider=openprovider
nlm,domain,create,USD,2.07,provider=openprovider
nlm,domain,renew,USD,2.07,provider=openprovider
nlm,domain,transfer,USD,2.07,provider=openprovider
nm.cn,domain,create,USD,33.26,provider=openprovider
nm.cn,domain,renew,USD,33.26,provider=openprovider
nm.cn,domain,transfer,USD,33.26,provider=openprovider
no,domain,create,USD,30.37,provider=openprovider
no,domain,renew,USD,30.37,provider=openprovider
no,domain,transfer,USD,28.01,provider=openprovider
no.com,domain,create,USD,56.42,provider=openprovider
no.com,domain,renew,USD,56.42,provider=openprovider
no.com,domain,transfer,USD,56.42,provider=openprovider
no.it,domain,create,USD,19.56,provider=openprovider
no.it,domain,renew,USD,19.56,provider=openprovider
no.it,domain,transfer,USD,19.56,provider=openprovider
nom.ag,domain,create,USD,100,provider=openprovider
nom.ag,domain,renew,USD,100,provider=openprovider
nom.ag,domain,transfer,USD,100,provider=openprovider
nom.co,domain,create,USD,19.8,provider=openprovider
nom.co,domain,renew,USD,19.8,provider=openprovider
nom.co,domain,transfer,USD,19.8,provider=openprovider
nom.es,domain,create,USD,4.84,provider=openprovider
nom.es,domain,renew,USD,4.84,provider=openprovider
nom.es,domain,transfer,USD,0,provider=openprovider
nom.fr,domain,create,USD,61.33,provider=openprovider
nom.fr,domain,renew,USD,61.33,provider=openprovider
nom.fr,domain,transfer,USD,61.33,provider=openprovider
nom.mu,domain,create,USD,109,provider=openprovider
nom.mu,domain,renew,USD,109,provider=openprovider
nom.mu,domain,transfer,USD,62,provider=openprovider
nom.pe,domain,create,USD,104.25,provider=openprovider
nom.pe,domain,renew,USD,144.73,provider=openprovider
nom.pe,domain,transfer,USD,242.85,provider=openprovider
nom.pl,domain,create,USD,34.08,provider=openprovider
nom.pl,domain,renew,USD,42.6,provider=openprovider
nom.pl,domain,transfer,USD,0,provider=openprovider
nom.ro,domain,create,USD,18.37,provider=openprovider
nom.ro,domain,renew,USD,18.37,provider=openprovider
nom.ro,domain,transfer,USD,18.37,provider=openprovider
novara.it,domain,create,USD,19.56,provider=openprovider
novara.it,domain,renew,USD,19.56,provider=openprovider
novara.it,domain,transfer,USD,19.56,provider=openprovider
nowaruda.pl,domain,create,USD,14.2,provider=openprovider
nowaruda.pl,domain,renew,USD,34.08,provider=openprovider
nowaruda.pl,domain,transfer,USD,0,provider=openprovider
nowruz,domain,create,USD,40,provider=openprovider
nowruz,domain,renew,USD,40,provider=openprovider
nowruz,domain,transfer,USD,40,provider=openprovider
nrw,domain,create,USD,85.84,provider=openprovider
nrw,domain,renew,USD,85.84,provider=openprovider
nrw,domain,transfer,USD,85.84,provider=openprovider
nt.ro,domain,create,USD,18.37,provider=openprovider
nt.ro,domain,renew,USD,18.37,provider=openprovider
nt.ro,domain,transfer,USD,18.37,provider=openprovider
nu,domain,create,USD,23.27,provider=openprovider
nu,domain,renew,USD,37.43,provider=openprovider
nu,domain,transfer,USD,0,provider=openprovider
nu.it,domain,create,USD,19.56,provider=openprovider
nu.it,domain,renew,USD,19.56,provider=openprovider
nu.it,domain,transfer,USD,19.56,provider=openprovider
nuoro.it,domain,create,USD,19.56,provider=openprovider
nuoro.it,domain,renew,USD,19.56,provider=openprovider
nuoro.it,domain,transfer,USD,19.56,provider=openprovider
nx.cn,domain,create,USD,33.26,provider=openprovider
nx.cn,domain,renew,USD,33.26,provider=openprovider
nx.cn,domain,transfer,USD,33.26,provider=openprovider
nyc,domain,create,USD,45.98,provider=openprovider
nyc,domain,renew,USD,45.98,provider=openprovider
nyc,domain,transfer,USD,45.98,provider=openprovider
nysa.pl,domain,create,USD,14.2,provider=openprovider
nysa.pl,domain,renew,USD,34.08,provider=openprovider
nysa.pl,domain,transfer,USD,0,provider=openprovider
nz,domain,create,USD,27.36,provider=openprovider
nz,domain,renew,USD,27.36,provider=openprovider
nz,domain,transfer,USD,0,provider=openprovider
observer,domain,create,USD,23,provider=openprovider
observer,domain,renew,USD,23,provider=openprovider
observer,domain,transfer,USD,23,provider=openprovider
off.ai,domain,create,USD,109,provider=openprovider
off.ai,domain,renew,USD,134,provider=openprovider
off.ai,domain,transfer,USD,109,provider=openprovider
og.it,domain,create,USD,19.56,provider=openprovider
og.it,domain,renew,USD,19.56,provider=openprovider
og.it,domain,transfer,USD,19.56,provider=openprovider
ogliastra.it,domain,create,USD,19.56,provider=openprovider
ogliastra.it,domain,renew,USD,19.56,provider=openprovider
ogliastra.it,domain,transfer,USD,19.56,provider=openprovider
okinawa,domain,create,USD,13.42,provider=openprovider
okinawa,domain,renew,USD,13.42,provider=openprovider
okinawa,domain,transfer,USD,13.42,provider=openprovider
olawa.pl,domain,create,USD,14.2,provider=openprovider
olawa.pl,domain,renew,USD,34.08,provider=openprovider
olawa.pl,domain,transfer,USD,0,provider=openprovider
olbia-tempio.it,domain,create,USD,19.56,provider=openprovider
olbia-tempio.it,domain,renew,USD,19.56,provider=openprovider
olbia-tempio.it,domain,transfer,USD,19.56,provider=openprovider
olbiatempio.it,domain,create,USD,19.56,provider=openprovider
olbiatempio.it,domain,renew,USD,19.56,provider=openprovider
olbiatempio.it,domain,transfer,USD,19.56,provider=openprovider
olecko.pl,domain,create,USD,14.2,provider=openprovider
olecko.pl,domain,renew,USD,34.08,provider=openprovider
olecko.pl,domain,transfer,USD,0,provider=openprovider
olkusz.pl,domain,create,USD,14.2,provider=openprovider
olkusz.pl,domain,renew,USD,34.08,provider=openprovider
olkusz.pl,domain,transfer,USD,0,provider=openprovider
olsztyn.pl,domain,create,USD,14.2,provider=openprovider
olsztyn.pl,domain,renew,USD,34.08,provider=openprovider
olsztyn.pl,domain,transfer,USD,0,provider=openprovider
one,domain,create,USD,35.99,provider=openprovider
one,domain,renew,USD,35.99,provider=openprovider
one,domain,transfer,USD,35.99,provider=openprovider
ong,domain,create,USD,30,provider=openprovider
ong,domain,renew,USD,30,provider=openprovider
ong,domain,transfer,USD,30,provider=openprovider
onl,domain,create,USD,29.98,provider=openprovider
onl,domain,renew,USD,29.98,provider=openprovider
onl,domain,transfer,USD,29.98,provider=openprovider
online,domain,create,USD,29.98,provider=openprovider
online,domain,renew,USD,29.98,provider=openprovider
online,domain,transfer,USD,29.98,provider=openprovider
ooo,domain,create,USD,40.34,provider=openprovider
ooo,domain,renew,USD,40.34,provider=openprovider
ooo,domain,transfer,USD,40.34,provider=openprovider
opoczno.pl,domain,create,USD,14.2,provider=openprovider
opoczno.pl,domain,renew,USD,34.08,provider=openprovider
opoczno.pl,domain,transfer,USD,0,provider=openprovider
opole.pl,domain,create,USD,14.2,provider=openprovider
opole.pl,domain,renew,USD,34.08,provider=openprovider
opole.pl,domain,transfer,USD,0,provider=openprovider
or.at,domain,create,USD,23.3,provider=openprovider
or.at,domain,renew,USD,20.79,provider=openprovider
or.at,domain,transfer,USD,0,provider=openprovider
or.bi,domain,create,USD,95.67,provider=openprovider
or.bi,domain,renew,USD,127.56,provider=openprovider
or.bi,domain,transfer,USD,95.67,provider=openprovider
or.it,domain,create,USD,19.56,provider=openprovider
or.it,domain,renew,USD,19.56,provider=openprovider
or.it,domain,transfer,USD,19.56,provider=openprovider
or.ke,domain,create,USD,136,provider=openprovider
or.ke,domain,renew,USD,136,provider=openprovider
or.ke,domain,transfer,USD,43,provider=openprovider
or.kr,domain,create,USD,60,provider=openprovider
or.kr,domain,renew,USD,72,provider=openprovider
or.kr,domain,transfer,USD,60,provider=openprovider
or.mu,domain,create,USD,98,provider=openprovider
or.mu,domain,renew,USD,98,provider=openprovider
or.mu,domain,transfer,USD,62,provider=openprovider
or.tz,domain,create,USD,73.59,provider=openprovider
or.tz,domain,renew,USD,91.99,provider=openprovider
or.tz,domain,transfer,USD,0,provider=openprovider
org,domain,create,USD,19.99,provider=openprovider
org,domain,renew,USD,20.9,provider=openprovider
org,domain,transfer,USD,19.99,provider=openprovider
org.af,domain,create,USD,66.8,provider=openprovider
org.af,domain,renew,USD,66.8,provider=openprovider
org.af,domain,transfer,USD,66.8,provider=openprovider
org.ag,domain,create,USD,100,provider=openprovider
org.ag,domain,renew,USD,100,provider=openprovider
org.ag,domain,transfer,USD,100,provider=openprovider
org.ai,domain,create,USD,109,provider=openprovider
org.ai,domain,renew,USD,134,provider=openprovider
org.ai,domain,transfer,USD,109,provider=openprovider
org.al,domain,create,USD,79,provider=openprovider
org.al,domain,renew,USD,75,provider=openprovider
org.al,domain,transfer,USD,75,provider=openprovider
org.au,domain,create,USD,14.91,provider=openprovider
org.au,domain,renew,USD,22.37,provider=openprovider
org.au,domain,transfer,USD,0,provider=openprovider
org.bh,domain,create,USD,330,provider=openprovider
org.bh,domain,renew,USD,330,provider=openprovider
org.bh,domain,transfer,USD,330,provider=openprovider
org.bi,domain,create,USD,95.67,provider=openprovider
org.bi,domain,renew,USD,127.56,provider=openprovider
org.bi,domain,transfer,USD,95.67,provider=openprovider
org.bj,domain,create,USD,53.97,provider=openprovider
org.bj,domain,renew,USD,53.97,provider=openprovider
org.bj,domain,transfer,USD,53.97,provider=openprovider
org.bo,domain,create,USD,136,provider=openprovider
org.bo,domain,renew,USD,220,provider=openprovider
org.bo,domain,transfer,USD,74,provider=openprovider
org.br,domain,create,USD,74.8,provider=openprovider
org.br,domain,renew,USD,74.8,provider=openprovider
org.br,domain,transfer,USD,0,provider=openprovider
org.bw,domain,create,USD,183.98,provider=openprovider
org.bw,domain,renew,USD,196.24,provider=openprovider
org.bw,domain,transfer,USD,0,provider=openprovider
org.cn,domain,create,USD,33.26,provider=openprovider
org.cn,domain,renew,USD,33.26,provider=openprovider
org.cn,domain,transfer,USD,33.26,provider=openprovider
org.es,domain,create,USD,4.84,provider=openprovider
org.es,domain,renew,USD,4.84,provider=openprovider
org.es,domain,transfer,USD,0,provider=openprovider
org.ge,domain,create,USD,147.18,provider=openprovider
org.ge,domain,renew,USD,147.18,provider=openprovider
org.ge,domain,transfer,USD,147.18,provider=openprovider
org.gg,domain,create,USD,305.4,provider=openprovider
org.gg,domain,renew,USD,202.37,provider=openprovider
org.gg,domain,transfer,USD,202.37,provider=openprovider
org.gh,domain,create,USD,1067.06,provider=openprovider
org.gh,domain,renew,USD,1067.06,provider=openprovider
org.gh,domain,transfer,USD,0,provider=openprovider
org.gi,domain,create,USD,179.07,provider=openprovider
org.gi,domain,renew,USD,174.16,provider=openprovider
org.gi,domain,transfer,USD,174.16,provider=openprovider
org.gl,domain,create,USD,91.88,provider=openprovider
org.gl,domain,renew,USD,91.88,provider=openprovider
org.gl,domain,transfer,USD,91.88,provider=openprovider
org.gr,domain,create,USD,14.09,provider=openprovider
org.gr,domain,renew,USD,15.32,provider=openprovider
org.gr,domain,transfer,USD,0,provider=openprovider
org.gt,domain,create,USD,100.57,provider=openprovider
org.gt,domain,renew,USD,100.57,provider=openprovider
org.gt,domain,transfer,USD,0,provider=openprovider
org.hk,domain,create,USD,53.55,provider=openprovider
org.hk,domain,renew,USD,53.55,provider=openprovider
org.hk,domain,transfer,USD,0,provider=openprovider
org.hn,domain,create,USD,122,provider=openprovider
org.hn,domain,renew,USD,122,provider=openprovider
org.hn,domain,transfer,USD,122,provider=openprovider
org.ht,domain,create,USD,57,provider=openprovider
org.ht,domain,renew,USD,57,provider=openprovider
org.ht,domain,transfer,USD,57,provider=openprovider
org.il,domain,create,USD,56,provider=openprovider
org.il,domain,renew,USD,56,provider=openprovider
org.il,domain,transfer,USD,130,provider=openprovider
org.im,domain,create,USD,54.37,provider=openprovider
org.im,domain,renew,USD,65.81,provider=openprovider
org.im,domain,transfer,USD,0,provider=openprovider
org.in,domain,create,USD,7.67,provider=openprovider
org.in,domain,renew,USD,10.96,provider=openprovider
org.in,domain,transfer,USD,7.67,provider=openprovider
org.je,domain,create,USD,233.04,provider=openprovider
org.je,domain,renew,USD,233.04,provider=openprovider
org.je,domain,transfer,USD,233.04,provider=openprovider
org.ki,domain,create,USD,255.18,provider=openprovider
org.ki,domain,renew,USD,255.18,provider=openprovider
org.ki,domain,transfer,USD,83.57,provider=openprovider
org.ky,domain,create,USD,97.83,provider=openprovider
org.ky,domain,renew,USD,97.83,provider=openprovider
org.ky,domain,transfer,USD,97.83,provider=openprovider
org.kz,domain,create,USD,120,provider=openprovider
org.kz,domain,renew,USD,120,provider=openprovider
org.kz,domain,transfer,USD,60,provider=openprovider
org.lc,domain,create,USD,29,provider=openprovider
org.lc,domain,renew,USD,29,provider=openprovider
org.lc,domain,transfer,USD,29,provider=openprovider
org.lk,domain,create,USD,47.7,provider=openprovider
org.lk,domain,renew,USD,47.7,provider=openprovider
org.lk,domain,transfer,USD,0,provider=openprovider
org.lv,domain,create,USD,28.15,provider=openprovider
org.lv,domain,renew,USD,28.15,provider=openprovider
org.lv,domain,transfer,USD,14.72,provider=openprovider
org.ma,domain,create,USD,116,provider=openprovider
org.ma,domain,renew,USD,180,provider=openprovider
org.ma,domain,transfer,USD,230,provider=openprovider
org.mg,domain,create,USD,244.69,provider=openprovider
org.mg,domain,renew,USD,244.69,provider=openprovider
org.mg,domain,transfer,USD,154.54,provider=openprovider
org.mk,domain,create,USD,51,provider=openprovider
org.mk,domain,renew,USD,51,provider=openprovider
org.mk,domain,transfer,USD,0,provider=openprovider
org.ms,domain,create,USD,129,provider=openprovider
org.ms,domain,renew,USD,129,provider=openprovider
org.ms,domain,transfer,USD,129,provider=openprovider
org.mt,domain,create,USD,61.31,provider=openprovider
org.mt,domain,renew,USD,25.74,provider=openprovider
org.mt,domain,transfer,USD,25.74,provider=openprovider
org.mu,domain,create,USD,109,provider=openprovider
org.mu,domain,renew,USD,109,provider=openprovider
org.mu,domain,transfer,USD,62,provider=openprovider
org.mx,domain,create,USD,15.98,provider=openprovider
org.mx,domain,renew,USD,37.98,provider=openprovider
org.mx,domain,transfer,USD,35.98,provider=openprovider
org.mz,domain,create,USD,355.69,provider=openprovider
org.mz,domain,renew,USD,294.36,provider=openprovider
org.mz,domain,transfer,USD,0,provider=openprovider
org.nf,domain,create,USD,91,provider=openprovider
org.nf,domain,renew,USD,130,provider=openprovider
org.nf,domain,transfer,USD,0,provider=openprovider
org.ng,domain,create,NGN,6000,provider=nira
org.ng,domain,create,USD,4.44,provider=nira
org.ng,domain,renew,NGN,6000,provider=nira
org.ng,domain,renew,USD,4.44,provider=nira
org.ng,domain,transfer,NGN,6000,provider=nira
org.ng,domain,transfer,USD,4.44,provider=nira
org.nz,domain,create,USD,27.36,provider=openprovider
org.nz,domain,renew,USD,27.36,provider=openprovider
org.nz,domain,transfer,USD,0,provider=openprovider
org.om,domain,create,USD,225.68,provider=openprovider
org.om,domain,renew,USD,181.52,provider=openprovider
org.om,domain,transfer,USD,181.52,provider=openprovider
org.pe,domain,create,USD,110,provider=openprovider
org.pe,domain,renew,USD,110,provider=openprovider
org.pe,domain,transfer,USD,110,provider=openprovider
org.ph,domain,create,USD,99.98,provider=openprovider
org.ph,domain,renew,USD,99.98,provider=openprovider
org.ph,domain,transfer,USD,29.98,provider=openprovider
org.pk,domain,create,USD,56,provider=openprovider
org.pk,domain,renew,USD,85.5,provider=openprovider
org.pk,domain,transfer,USD,85.5,provider=openprovider
org.pl,domain,create,USD,34.08,provider=openprovider
org.pl,domain,renew,USD,42.6,provider=openprovider
org.pl,domain,transfer,USD,0,provider=openprovider
org.pn,domain,create,USD,153.31,provider=openprovider
org.pn,domain,renew,USD,153.31,provider=openprovider
org.pn,domain,transfer,USD,242.85,provider=openprovider
org.ps,domain,create,USD,70,provider=openprovider
org.ps,domain,renew,USD,70,provider=openprovider
org.ps,domain,transfer,USD,65,provider=openprovider
org.pt,domain,create,USD,15.92,provider=openprovider
org.pt,domain,renew,USD,50.26,provider=openprovider
org.pt,domain,transfer,USD,0,provider=openprovider
org.ro,domain,create,USD,18.37,provider=openprovider
org.ro,domain,renew,USD,18.37,provider=openprovider
org.ro,domain,transfer,USD,18.37,provider=openprovider
org.rs,domain,create,USD,106,provider=openprovider
org.rs,domain,renew,USD,160,provider=openprovider
org.rs,domain,transfer,USD,120,provider=openprovider
org.rw,domain,create,USD,600.99,provider=openprovider
org.rw,domain,renew,USD,600.99,provider=openprovider
org.rw,domain,transfer,USD,112.84,provider=openprovider
org.sb,domain,create,USD,119.04,provider=openprovider
org.sb,domain,renew,USD,119.04,provider=openprovider
org.sb,domain,transfer,USD,119.04,provider=openprovider
org.sc,domain,create,USD,85,provider=openprovider
org.sc,domain,renew,USD,160,provider=openprovider
org.sc,domain,transfer,USD,160,provider=openprovider
org.sg,domain,create,USD,80,provider=openprovider
org.sg,domain,renew,USD,80,provider=openprovider
org.sg,domain,transfer,USD,75.56,provider=openprovider
org.so,domain,create,USD,80,provider=openprovider
org.so,domain,renew,USD,80,provider=openprovider
org.so,domain,transfer,USD,0,provider=openprovider
org.tt,domain,create,USD,78.66,provider=openprovider
org.tt,domain,renew,USD,78.66,provider=openprovider
org.tt,domain,transfer,USD,78.66,provider=openprovider
org.tw,domain,create,USD,63.99,provider=openprovider
org.tw,domain,renew,USD,63.99,provider=openprovider
org.tw,domain,transfer,USD,63.99,provider=openprovider
org.ua,domain,create,USD,40,provider=openprovider
org.ua,domain,renew,USD,40,provider=openprovider
org.ua,domain,transfer,USD,30,provider=openprovider
org.uk,domain,create,USD,19.1,provider=openprovider
org.uk,domain,renew,USD,19.1,provider=openprovider
org.uk,domain,transfer,USD,0,provider=openprovider
org.uz,domain,create,USD,199.5,provider=openprovider
org.uz,domain,renew,USD,199.5,provider=openprovider
org.uz,domain,transfer,USD,0,provider=openprovider
org.vc,domain,create,USD,51,provider=openprovider
org.vc,domain,renew,USD,51,provider=openprovider
org.vc,domain,transfer,USD,51,provider=openprovider
org.vn,domain,create,USD,145,provider=openprovider
org.vn,domain,renew,USD,145,provider=openprovider
org.vn,domain,transfer,USD,0,provider=openprovider
org.vu,domain,create,USD,120,provider=openprovider
org.vu,domain,renew,USD,120,provider=openprovider
org.vu,domain,transfer,USD,97,provider=openprovider
org.za,domain,create,USD,7.14,provider=openprovider
org.za,domain,renew,USD,13.63,provider=openprovider
org.za,domain,transfer,USD,0,provider=openprovider
org.zw,domain,create,USD,95.67,provider=openprovider
org.zw,domain,renew,USD,63.78,provider=openprovider
org.zw,domain,transfer,USD,95.67,provider=openprovider
organic,domain,create,USD,79,provider=openprovider
organic,domain,renew,USD,79,provider=openprovider
organic,domain,transfer,USD,79,provider=openprovider
oristano.it,domain,create,USD,19.56,provider=openprovider
oristano.it,domain,renew,USD,19.56,provider=openprovider
oristano.it,domain,transfer,USD,19.56,provider=openprovider
osaka,domain,create,USD,50.36,provider=openprovider
osaka,domain,renew,USD,50.36,provider=openprovider
osaka,domain,transfer,USD,50.36,provider=openprovider
ostroda.pl,domain,create,USD,14.2,provider=openprovider
ostroda.pl,domain,renew,USD,34.08,provider=openprovider
ostroda.pl,domain,transfer,USD,0,provider=openprovider
ostroleka.pl,domain,create,USD,14.2,provider=openprovider
ostroleka.pl,domain,renew,USD,34.08,provider=openprovider
ostroleka.pl,domain,transfer,USD,0,provider=openprovider
ostrowiec.pl,domain,create,USD,14.2,provider=openprovider
ostrowiec.pl,domain,renew,USD,34.08,provider=openprovider
ostrowiec.pl,domain,transfer,USD,0,provider=openprovider
ostrowwlkp.pl,domain,create,USD,14.2,provider=openprovider
ostrowwlkp.pl,domain,renew,USD,34.08,provider=openprovider
ostrowwlkp.pl,domain,transfer,USD,0,provider=openprovider
ot.it,domain,create,USD,19.56,provider=openprovider
ot.it,domain,renew,USD,19.56,provider=openprovider
ot.it,domain,transfer,USD,19.56,provider=openprovider
p.lc,domain,create,USD,29,provider=openprovider
p.lc,domain,renew,USD,29,provider=openprovider
p.lc,domain,transfer,USD,29,provider=openprovider
pa,domain,create,USD,340,provider=openprovider
pa,domain,renew,USD,340,provider=openprovider
pa,domain,transfer,USD,43,provider=openprovider
pa.it,domain,create,USD,19.56,provider=openprovider
pa.it,domain,renew,USD,19.56,provider=openprovider
pa.it,domain,transfer,USD,19.56,provider=openprovider
padova.it,domain,create,USD,19.56,provider=openprovider
padova.it,domain,renew,USD,19.56,provider=openprovider
padova.it,domain,transfer,USD,19.56,provider=openprovider
padua.it,domain,create,USD,19.56,provider=openprovider
padua.it,domain,renew,USD,19.56,provider=openprovider
padua.it,domain,transfer,USD,19.56,provider=openprovider
page,domain,create,USD,21.98,provider=openprovider
page,domain,renew,USD,21.98,provider=openprovider
page,domain,transfer,USD,21.98,provider=openprovider
palermo.it,domain,create,USD,19.56,provider=openprovider
palermo.it,domain,renew,USD,19.56,provider=openprovider
palermo.it,domain,transfer,USD,19.56,provider=openprovider
paris,domain,create,USD,82.15,provider=openprovider
paris,domain,renew,USD,82.15,provider=openprovider
paris,domain,transfer,USD,82.15,provider=openprovider
parma.it,domain,create,USD,19.56,provider=openprovider
parma.it,domain,renew,USD,19.56,provider=openprovider
parma.it,domain,transfer,USD,19.56,provider=openprovider
partners,domain,create,USD,69.99,provider=openprovider
partners,domain,renew,USD,69.99,provider=openprovider
partners,domain,transfer,USD,69.99,provider=openprovider
parts,domain,create,USD,47,provider=openprovider
parts,domain,renew,USD,47,provider=openprovider
parts,domain,transfer,USD,47,provider=openprovider
party,domain,create,USD,33,provider=openprovider
party,domain,renew,USD,33,provider=openprovider
party,domain,transfer,USD,33,provider=openprovider
pavia.it,domain,create,USD,19.56,provider=openprovider
pavia.it,domain,renew,USD,19.56,provider=openprovider
pavia.it,domain,transfer,USD,19.56,provider=openprovider
pc.it,domain,create,USD,19.56,provider=openprovider
pc.it,domain,renew,USD,19.56,provider=openprovider
pc.it,domain,transfer,USD,19.56,provider=openprovider
pc.pl,domain,create,USD,34.08,provider=openprovider
pc.pl,domain,renew,USD,42.6,provider=openprovider
pc.pl,domain,transfer,USD,0,provider=openprovider
pd.it,domain,create,USD,19.56,provider=openprovider
pd.it,domain,renew,USD,19.56,provider=openprovider
pd.it,domain,transfer,USD,19.56,provider=openprovider
pe,domain,create,USD,105,provider=openprovider
pe,domain,renew,USD,120,provider=openprovider
pe,domain,transfer,USD,105,provider=openprovider
pe.it,domain,create,USD,19.56,provider=openprovider
pe.it,domain,renew,USD,19.56,provider=openprovider
pe.it,domain,transfer,USD,19.56,provider=openprovider
pe.kr,domain,create,USD,60,provider=openprovider
pe.kr,domain,renew,USD,72,provider=openprovider
pe.kr,domain,transfer,USD,60,provider=openprovider
perugia.it,domain,create,USD,19.56,provider=openprovider
perugia.it,domain,renew,USD,19.56,provider=openprovider
perugia.it,domain,transfer,USD,19.56,provider=openprovider
pesaro-urbino.it,domain,create,USD,19.56,provider=openprovider
pesaro-urbino.it,domain,renew,USD,19.56,provider=openprovider
pesaro-urbino.it,domain,transfer,USD,19.56,provider=openprovider
pesarourbino.it,domain,create,USD,19.56,provider=openprovider
pesarourbino.it,domain,renew,USD,19.56,provider=openprovider
pesarourbino.it,domain,transfer,USD,19.56,provider=openprovider
pescara.it,domain,create,USD,19.56,provider=openprovider
pescara.it,domain,renew,USD,19.56,provider=openprovider
pescara.it,domain,transfer,USD,19.56,provider=openprovider
pet,domain,create,USD,26.5,provider=openprovider
pet,domain,renew,USD,26.5,provider=openprovider
pet,domain,transfer,USD,24,provider=openprovider
pg.in,domain,create,USD,7.67,provider=openprovider
pg.in,domain,renew,USD,10.96,provider=openprovider
pg.in,domain,transfer,USD,7.67,provider=openprovider
pg.it,domain,create,USD,19.56,provider=openprovider
pg.it,domain,renew,USD,19.56,provider=openprovider
pg.it,domain,transfer,USD,19.56,provider=openprovider
ph,domain,create,USD,99.98,provider=openprovider
ph,domain,renew,USD,99.98,provider=openprovider
ph,domain,transfer,USD,29.98,provider=openprovider
phd,domain,create,USD,24,provider=openprovider
phd,domain,renew,USD,34,provider=openprovider
phd,domain,transfer,USD,24,provider=openprovider
photo,domain,create,USD,45.36,provider=openprovider
photo,domain,renew,USD,45.36,provider=openprovider
photo,domain,transfer,USD,45.36,provider=openprovider
photography,domain,create,USD,41,provider=openprovider
photography,domain,renew,USD,41,provider=openprovider
photography,domain,transfer,USD,41,provider=openprovider
photos,domain,create,USD,35,provider=openprovider
photos,domain,renew,USD,35,provider=openprovider
photos,domain,transfer,USD,35,provider=openprovider
physio,domain,create,USD,120.36,provider=openprovider
physio,domain,renew,USD,120.36,provider=openprovider
physio,domain,transfer,USD,120.36,provider=openprovider
pi.it,domain,create,USD,19.56,provider=openprovider
pi.it,domain,renew,USD,19.56,provider=openprovider
pi.it,domain,transfer,USD,19.56,provider=openprovider
piacenza.it,domain,create,USD,19.56,provider=openprovider
piacenza.it,domain,renew,USD,19.56,provider=openprovider
piacenza.it,domain,transfer,USD,19.56,provider=openprovider
pics,domain,create,USD,45.98,provider=openprovider
pics,domain,renew,USD,45.98,provider=openprovider
pics,domain,transfer,USD,45.98,provider=openprovider
pictures,domain,create,USD,27,provider=openprovider
pictures,domain,renew,USD,27,provider=openprovider
pictures,domain,transfer,USD,27,provider=openprovider
piedmont.it,domain,create,USD,19.56,provider=openprovider
piedmont.it,domain,renew,USD,19.56,provider=openprovider
piedmont.it,domain,transfer,USD,19.56,provider=openprovider
piemonte.it,domain,create,USD,19.56,provider=openprovider
piemonte.it,domain,renew,USD,19.56,provider=openprovider
piemonte.it,domain,transfer,USD,19.56,provider=openprovider
pila.pl,domain,create,USD,14.2,provider=openprovider
pila.pl,domain,renew,USD,34.08,provider=openprovider
pila.pl,domain,transfer,USD,0,provider=openprovider
pink,domain,create,USD,26.5,provider=openprovider
pink,domain,renew,USD,26.5,provider=openprovider
pink,domain,transfer,USD,26.5,provider=openprovider
pisa.it,domain,create,USD,19.56,provider=openprovider
pisa.it,domain,renew,USD,19.56,provider=openprovider
pisa.it,domain,transfer,USD,19.56,provider=openprovider
pistoia.it,domain,create,USD,19.56,provider=openprovider
pistoia.it,domain,renew,USD,19.56,provider=openprovider
pistoia.it,domain,transfer,USD,19.56,provider=openprovider
pisz.pl,domain,create,USD,14.2,provider=openprovider
pisz.pl,domain,renew,USD,34.08,provider=openprovider
pisz.pl,domain,transfer,USD,0,provider=openprovider
pizza,domain,create,USD,65,provider=openprovider
pizza,domain,renew,USD,65,provider=openprovider
pizza,domain,transfer,USD,65,provider=openprovider
pk,domain,create,USD,88,provider=openprovider
pk,domain,renew,USD,88,provider=openprovider
pk,domain,transfer,USD,88,provider=openprovider
pl,domain,create,USD,13.21,provider=openprovider
pl,domain,renew,USD,33.74,provider=openprovider
pl,domain,transfer,USD,0,provider=openprovider
place,domain,create,USD,32,provider=openprovider
place,domain,renew,USD,32,provider=openprovider
place,domain,transfer,USD,32,provider=openprovider
plumbing,domain,create,USD,69,provider=openprovider
plumbing,domain,renew,USD,69,provider=openprovider
plumbing,domain,transfer,USD,69,provider=openprovider
plus,domain,create,USD,59.98,provider=openprovider
plus,domain,renew,USD,59.98,provider=openprovider
plus,domain,transfer,USD,59.98,provider=openprovider
pm,domain,create,USD,7.3,provider=openprovider
pm,domain,renew,USD,8.52,provider=openprovider
pm,domain,transfer,USD,8.52,provider=openprovider
pmn.it,domain,create,USD,19.56,provider=openprovider
pmn.it,domain,renew,USD,19.56,provider=openprovider
pmn.it,domain,transfer,USD,19.56,provider=openprovider
pn,domain,create,USD,365.5,provider=openprovider
pn,domain,renew,USD,365.5,provider=openprovider
pn,domain,transfer,USD,214.64,provider=openprovider
pn.it,domain,create,USD,19.56,provider=openprovider
pn.it,domain,renew,USD,19.56,provider=openprovider
pn.it,domain,transfer,USD,19.56,provider=openprovider
po.it,domain,create,USD,19.56,provider=openprovider
po.it,domain,renew,USD,19.56,provider=openprovider
po.it,domain,transfer,USD,19.56,provider=openprovider
poa.br,domain,create,USD,42.25,provider=openprovider
poa.br,domain,renew,USD,42.25,provider=openprovider
poa.br,domain,transfer,USD,0,provider=openprovider
podhale.pl,domain,create,USD,14.2,provider=openprovider
podhale.pl,domain,renew,USD,34.08,provider=openprovider
podhale.pl,domain,transfer,USD,0,provider=openprovider
podlasie.pl,domain,create,USD,14.2,provider=openprovider
podlasie.pl,domain,renew,USD,34.08,provider=openprovider
podlasie.pl,domain,transfer,USD,0,provider=openprovider
poker,domain,create,USD,68,provider=openprovider
poker,domain,renew,USD,68,provider=openprovider
poker,domain,transfer,USD,53.01,provider=openprovider
polkowice.pl,domain,create,USD,14.2,provider=openprovider
polkowice.pl,domain,renew,USD,34.08,provider=openprovider
polkowice.pl,domain,transfer,USD,0,provider=openprovider
pomorskie.pl,domain,create,USD,14.2,provider=openprovider
pomorskie.pl,domain,renew,USD,34.08,provider=openprovider
pomorskie.pl,domain,transfer,USD,0,provider=openprovider
pomorze.pl,domain,create,USD,14.2,provider=openprovider
pomorze.pl,domain,renew,USD,34.08,provider=openprovider
pomorze.pl,domain,transfer,USD,0,provider=openprovider
pordenone.it,domain,create,USD,19.56,provider=openprovider
pordenone.it,domain,renew,USD,19.56,provider=openprovider
pordenone.it,domain,transfer,USD,19.56,provider=openprovider
porn,domain,create,USD,170.98,provider=openprovider
porn,domain,renew,USD,170.98,provider=openprovider
porn,domain,transfer,USD,170.98,provider=openprovider
post.in,domain,create,USD,7.67,provider=openprovider
post.in,domain,renew,USD,10.96,provider=openprovider
post.in,domain,transfer,USD,7.67,provider=openprovider
potenza.it,domain,create,USD,19.56,provider=openprovider
potenza.it,domain,renew,USD,19.56,provider=openprovider
potenza.it,domain,transfer,USD,19.56,provider=openprovider
powiat.pl,domain,create,USD,34.08,provider=openprovider
powiat.pl,domain,renew,USD,42.6,provider=openprovider
powiat.pl,domain,transfer,USD,0,provider=openprovider
pr.it,domain,create,USD,19.56,provider=openprovider
pr.it,domain,renew,USD,19.56,provider=openprovider
pr.it,domain,transfer,USD,19.56,provider=openprovider
prato.it,domain,create,USD,19.56,provider=openprovider
prato.it,domain,renew,USD,19.56,provider=openprovider
prato.it,domain,transfer,USD,19.56,provider=openprovider
prd.fr,domain,create,USD,61.33,provider=openprovider
prd.fr,domain,renew,USD,61.33,provider=openprovider
prd.fr,domain,transfer,USD,61.33,provider=openprovider
premium.ng,domain,create,NGN,150000,provider=nira
premium.ng,domain,create,USD,111.08,provider=nira
premium.ng,domain,renew,NGN,150000,provider=nira
premium.ng,domain,renew,USD,111.08,provider=nira
premium.ng,domain,transfer,NGN,150000,provider=nira
premium.ng,domain,transfer,USD,111.08,provider=nira
press,domain,create,USD,79.98,provider=openprovider
press,domain,renew,USD,79.98,provider=openprovider
press,domain,transfer,USD,79.98,provider=openprovider
presse.fr,domain,create,USD,61.33,provider=openprovider
presse.fr,domain,renew,USD,61.33,provider=openprovider
presse.fr,domain,transfer,USD,61.33,provider=openprovider
pri.ee,domain,create,USD,80.21,provider=openprovider
pri.ee,domain,renew,USD,26.98,provider=openprovider
pri.ee,domain,transfer,USD,0,provider=openprovider
priv.no,domain,create,USD,40.5,provider=openprovider
priv.no,domain,renew,USD,40.5,provider=openprovider
priv.no,domain,transfer,USD,0,provider=openprovider
priv.pl,domain,create,USD,34.08,provider=openprovider
priv.pl,domain,renew,USD,42.6,provider=openprovider
priv.pl,domain,transfer,USD,0,provider=openprovider
pro,domain,create,USD,26.98,provider=openprovider
pro,domain,renew,USD,35.98,provider=openprovider
pro,domain,transfer,USD,26.98,provider=openprovider
pro.ec,domain,create,USD,39.95,provider=openprovider
pro.ec,domain,renew,USD,39.95,provider=openprovider
pro.ec,domain,transfer,USD,39.95,provider=openprovider
pro.in,domain,create,USD,7.67,provider=openprovider
pro.in,domain,renew,USD,10.96,provider=openprovider
pro.in,domain,transfer,USD,7.67,provider=openprovider
pro.vn,domain,create,USD,145,provider=openprovider
pro.vn,domain,renew,USD,145,provider=openprovider
pro.vn,domain,transfer,USD,0,provider=openprovider
prochowice.pl,domain,create,USD,14.2,provider=openprovider
prochowice.pl,domain,renew,USD,34.08,provider=openprovider
prochowice.pl,domain,transfer,USD,0,provider=openprovider
productions,domain,create,USD,45,provider=openprovider
productions,domain,renew,USD,45,provider=openprovider
productions,domain,transfer,USD,45,provider=openprovider
prof,domain,create,USD,24,provider=openprovider
prof,domain,renew,USD,34,provider=openprovider
prof,domain,transfer,USD,24,provider=openprovider
promo,domain,create,USD,26.98,provider=openprovider
promo,domain,renew,USD,26.98,provider=openprovider
promo,domain,transfer,USD,26.98,provider=openprovider
properties,domain,create,USD,48,provider=openprovider
properties,domain,renew,USD,48,provider=openprovider
properties,domain,transfer,USD,48,provider=openprovider
property,domain,create,USD,126,provider=openprovider
property,domain,renew,USD,200.36,provider=openprovider
property,domain,transfer,USD,200.36,provider=openprovider
protection,domain,create,USD,4000.36,provider=openprovider
protection,domain,renew,USD,4000.36,provider=openprovider
protection,domain,transfer,USD,4000.36,provider=openprovider
pruszkow.pl,domain,create,USD,14.2,provider=openprovider
pruszkow.pl,domain,renew,USD,34.08,provider=openprovider
pruszkow.pl,domain,transfer,USD,0,provider=openprovider
przeworsk.pl,domain,create,USD,14.2,provider=openprovider
przeworsk.pl,domain,renew,USD,34.08,provider=openprovider
przeworsk.pl,domain,transfer,USD,0,provider=openprovider
ps,domain,create,USD,100,provider=openprovider
ps,domain,renew,USD,100,provider=openprovider
ps,domain,transfer,USD,65,provider=openprovider
pt,domain,create,USD,15.92,provider=openprovider
pt,domain,renew,USD,50.26,provider=openprovider
pt,domain,transfer,USD,0,provider=openprovider
pt.it,domain,create,USD,19.56,provider=openprovider
pt.it,domain,renew,USD,19.56,provider=openprovider
pt.it,domain,transfer,USD,19.56,provider=openprovider
pu.it,domain,create,USD,19.56,provider=openprovider
pu.it,domain,renew,USD,19.56,provider=openprovider
pu.it,domain,transfer,USD,19.56,provider=openprovider
pub,domain,create,USD,45,provider=openprovider
pub,domain,renew,USD,45,provider=openprovider
pub,domain,transfer,USD,45,provider=openprovider
pub.ec,domain,create,USD,39.95,provider=openprovider
pub.ec,domain,renew,USD,39.95,provider=openprovider
pub.ec,domain,transfer,USD,39.95,provider=openprovider
pug.it,domain,create,USD,19.56,provider=openprovider
pug.it,domain,renew,USD,19.56,provider=openprovider
pug.it,domain,transfer,USD,19.56,provider=openprovider
puglia.it,domain,create,USD,19.56,provider=openprovider
puglia.it,domain,renew,USD,19.56,provider=openprovider
puglia.it,domain,transfer,USD,19.56,provider=openprovider
pulawy.pl,domain,create,USD,14.2,provider=openprovider
pulawy.pl,domain,renew,USD,34.08,provider=openprovider
pulawy.pl,domain,transfer,USD,0,provider=openprovider
pv.it,domain,create,USD,19.56,provider=openprovider
pv.it,domain,renew,USD,19.56,provider=openprovider
pv.it,domain,transfer,USD,19.56,provider=openprovider
pw,domain,create,USD,24.98,provider=openprovider
pw,domain,renew,USD,24.98,provider=openprovider
pw,domain,transfer,USD,24.98,provider=openprovider
pz.it,domain,create,USD,19.56,provider=openprovider
pz.it,domain,renew,USD,19.56,provider=openprovider
pz.it,domain,transfer,USD,19.56,provider=openprovider
qc.com,domain,create,USD,33,provider=openprovider
qc.com,domain,renew,USD,33,provider=openprovider
qc.com,domain,transfer,USD,33,provider=openprovider
qh.cn,domain,create,USD,33.26,provider=openprovider
qh.cn,domain,renew,USD,33.26,provider=openprovider
qh.cn,domain,transfer,USD,33.26,provider=openprovider
qpon,domain,create,USD,25,provider=openprovider
qpon,domain,renew,USD,25,provider=openprovider
qpon,domain,transfer,USD,25,provider=openprovider
quebec,domain,create,USD,50.36,provider=openprovider
quebec,domain,renew,USD,50.36,provider=openprovider
quebec,domain,transfer,USD,50.36,provider=openprovider
quest,domain,create,USD,20.98,provider=openprovider
quest,domain,renew,USD,18.98,provider=openprovider
quest,domain,transfer,USD,20.98,provider=openprovider
ra.it,domain,create,USD,19.56,provider=openprovider
ra.it,domain,renew,USD,19.56,provider=openprovider
ra.it,domain,transfer,USD,19.56,provider=openprovider
racing,domain,create,USD,33,provider=openprovider
racing,domain,renew,USD,33,provider=openprovider
racing,domain,transfer,USD,33,provider=openprovider
radio,domain,create,USD,491.04,provider=openprovider
radio,domain,renew,USD,491.04,provider=openprovider
radio,domain,transfer,USD,491.04,provider=openprovider
radio.am,domain,create,USD,23,provider=openprovider
radio.am,domain,renew,USD,23,provider=openprovider
radio.am,domain,transfer,USD,23,provider=openprovider
radio.fm,domain,create,USD,23,provider=openprovider
radio.fm,domain,renew,USD,23,provider=openprovider
radio.fm,domain,transfer,USD,23,provider=openprovider
radom.pl,domain,create,USD,14.2,provider=openprovider
radom.pl,domain,renew,USD,34.08,provider=openprovider
radom.pl,domain,transfer,USD,0,provider=openprovider
ragusa.it,domain,create,USD,19.56,provider=openprovider
ragusa.it,domain,renew,USD,19.56,provider=openprovider
ragusa.it,domain,transfer,USD,19.56,provider=openprovider
ravenna.it,domain,create,USD,19.56,provider=openprovider
ravenna.it,domain,renew,USD,19.56,provider=openprovider
ravenna.it,domain,transfer,USD,19.56,provider=openprovider
rawa-maz.pl,domain,create,USD,14.2,provider=openprovider
rawa-maz.pl,domain,renew,USD,34.08,provider=openprovider
rawa-maz.pl,domain,transfer,USD,0,provider=openprovider
rc.it,domain,create,USD,19.56,provider=openprovider
rc.it,domain,renew,USD,19.56,provider=openprovider
rc.it,domain,transfer,USD,19.56,provider=openprovider
re,domain,create,USD,7.3,provider=openprovider
re,domain,renew,USD,8.52,provider=openprovider
re,domain,transfer,USD,8.52,provider=openprovider
re.it,domain,create,USD,19.56,provider=openprovider
re.it,domain,renew,USD,19.56,provider=openprovider
re.it,domain,transfer,USD,19.56,provider=openprovider
re.kr,domain,create,USD,60,provider=openprovider
re.kr,domain,renew,USD,72,provider=openprovider
re.kr,domain,transfer,USD,60,provider=openprovider
realestate,domain,create,USD,94,provider=openprovider
realestate,domain,renew,USD,136,provider=openprovider
realestate,domain,transfer,USD,136,provider=openprovider
realestate.pl,domain,create,USD,34.08,provider=openprovider
realestate.pl,domain,renew,USD,42.6,provider=openprovider
realestate.pl,domain,transfer,USD,0,provider=openprovider
realty,domain,create,USD,308,provider=openprovider
realty,domain,renew,USD,552.36,provider=openprovider
realty,domain,transfer,USD,308,provider=openprovider
rec.ro,domain,create,USD,18.37,provider=openprovider
rec.ro,domain,renew,USD,18.37,provider=openprovider
rec.ro,domain,transfer,USD,18.37,provider=openprovider
recht.pro,domain,create,USD,226,provider=openprovider
recht.pro,domain,renew,USD,222,provider=openprovider
recht.pro,domain,transfer,USD,222,provider=openprovider
recife.br,domain,create,USD,42.25,provider=openprovider
recife.br,domain,renew,USD,42.25,provider=openprovider
recife.br,domain,transfer,USD,0,provider=openprovider
recipes,domain,create,USD,71,provider=openprovider
recipes,domain,renew,USD,71,provider=openprovider
recipes,domain,transfer,USD,71,provider=openprovider
red,domain,create,USD,21.99,provider=openprovider
red,domain,renew,USD,21.99,provider=openprovider
red,domain,transfer,USD,21.99,provider=openprovider
reggio-calabria.it,domain,create,USD,19.56,provider=openprovider
reggio-calabria.it,domain,renew,USD,19.56,provider=openprovider
reggio-calabria.it,domain,transfer,USD,19.56,provider=openprovider
reggio-emilia.it,domain,create,USD,19.56,provider=openprovider
reggio-emilia.it,domain,renew,USD,19.56,provider=openprovider
reggio-emilia.it,domain,transfer,USD,19.56,provider=openprovider
reggiocalabria.it,domain,create,USD,19.56,provider=openprovider
reggiocalabria.it,domain,renew,USD,19.56,provider=openprovider
reggiocalabria.it,domain,transfer,USD,19.56,provider=openprovider
reggioemilia.it,domain,create,USD,19.56,provider=openprovider
reggioemilia.it,domain,renew,USD,19.56,provider=openprovider
reggioemilia.it,domain,transfer,USD,19.56,provider=openprovider
rehab,domain,create,USD,49.86,provider=openprovider
rehab,domain,renew,USD,49.86,provider=openprovider
rehab,domain,transfer,USD,49.86,provider=openprovider
reise,domain,create,USD,115,provider=openprovider
reise,domain,renew,USD,115,provider=openprovider
reise,domain,transfer,USD,115,provider=openprovider
reisen,domain,create,USD,30.36,provider=openprovider
reisen,domain,renew,USD,30.36,provider=openprovider
reisen,domain,transfer,USD,30.36,provider=openprovider
reit,domain,create,USD,2000.36,provider=openprovider
reit,domain,renew,USD,2000.36,provider=openprovider
reit,domain,transfer,USD,2100.36,provider=openprovider
rel.pl,domain,create,USD,34.08,provider=openprovider
rel.pl,domain,renew,USD,42.6,provider=openprovider
rel.pl,domain,transfer,USD,0,provider=openprovider
ren,domain,create,USD,39.79,provider=openprovider
ren,domain,renew,USD,39.79,provider=openprovider
ren,domain,transfer,USD,39.79,provider=openprovider
rent,domain,create,USD,65,provider=openprovider
rent,domain,renew,USD,95,provider=openprovider
rent,domain,transfer,USD,95,provider=openprovider
rentals,domain,create,USD,49,provider=openprovider
rentals,domain,renew,USD,49,provider=openprovider
rentals,domain,transfer,USD,49,provider=openprovider
repair,domain,create,USD,33,provider=openprovider
repair,domain,renew,USD,33,provider=openprovider
repair,domain,transfer,USD,33,provider=openprovider
report,domain,create,USD,26.98,provider=openprovider
report,domain,renew,USD,26.98,provider=openprovider
report,domain,transfer,USD,26.98,provider=openprovider
republican,domain,create,USD,46.86,provider=openprovider
republican,domain,renew,USD,46.86,provider=openprovider
republican,domain,transfer,USD,46.86,provider=openprovider
rest,domain,create,USD,50.36,provider=openprovider
rest,domain,renew,USD,50.36,provider=openprovider
rest,domain,transfer,USD,50.36,provider=openprovider
restaurant,domain,create,USD,65,provider=openprovider
restaurant,domain,renew,USD,65,provider=openprovider
restaurant,domain,transfer,USD,65,provider=openprovider
review,domain,create,USD,33,provider=openprovider
review,domain,renew,USD,33,provider=openprovider
review,domain,transfer,USD,33,provider=openprovider
reviews,domain,create,USD,68,provider=openprovider
reviews,domain,renew,USD,68,provider=openprovider
reviews,domain,transfer,USD,68,provider=openprovider
rg.it,domain,create,USD,19.56,provider=openprovider
rg.it,domain,renew,USD,19.56,provider=openprovider
rg.it,domain,transfer,USD,19.56,provider=openprovider
ri.it,domain,create,USD,19.56,provider=openprovider
ri.it,domain,renew,USD,19.56,provider=openprovider
ri.it,domain,transfer,USD,19.56,provider=openprovider
rich,domain,create,USD,3500,provider=openprovider
rich,domain,renew,USD,3500,provider=openprovider
rich,domain,transfer,USD,3500,provider=openprovider
rieti.it,domain,create,USD,19.56,provider=openprovider
rieti.it,domain,renew,USD,19.56,provider=openprovider
rieti.it,domain,transfer,USD,19.56,provider=openprovider
rimini.it,domain,create,USD,19.56,provider=openprovider
rimini.it,domain,renew,USD,19.56,provider=openprovider
rimini.it,domain,transfer,USD,19.56,provider=openprovider
rio,domain,create,USD,21.64,provider=openprovider
rio,domain,renew,USD,21.64,provider=openprovider
rio,domain,transfer,USD,21.64,provider=openprovider
rio.br,domain,create,USD,42.25,provider=openprovider
rio.br,domain,renew,USD,42.25,provider=openprovider
rio.br,domain,transfer,USD,0,provider=openprovider
rio.ec,domain,create,USD,29.95,provider=openprovider
rio.ec,domain,renew,USD,39.95,provider=openprovider
rio.ec,domain,transfer,USD,39.95,provider=openprovider
rip,domain,create,USD,31.99,provider=openprovider
rip,domain,renew,USD,31.99,provider=openprovider
rip,domain,transfer,USD,31.99,provider=openprovider
rm.it,domain,create,USD,19.56,provider=openprovider
rm.it,domain,renew,USD,19.56,provider=openprovider
rm.it,domain,transfer,USD,19.56,provider=openprovider
rn.it,domain,create,USD,19.56,provider=openprovider
rn.it,domain,renew,USD,19.56,provider=openprovider
rn.it,domain,transfer,USD,19.56,provider=openprovider
ro,domain,create,USD,18.37,provider=openprovider
ro,domain,renew,USD,18.37,provider=openprovider
ro,domain,transfer,USD,18.37,provider=openprovider
ro.it,domain,create,USD,19.56,provider=openprovider
ro.it,domain,renew,USD,19.56,provider=openprovider
ro.it,domain,transfer,USD,19.56,provider=openprovider
rocks,domain,create,USD,24.5,provider=openprovider
rocks,domain,renew,USD,24.5,provider=openprovider
rocks,domain,transfer,USD,24.5,provider=openprovider
rodeo,domain,create,USD,16.98,provider=openprovider
rodeo,domain,renew,USD,16.98,provider=openprovider
rodeo,domain,transfer,USD,16.98,provider=openprovider
roma.it,domain,create,USD,19.56,provider=openprovider
roma.it,domain,renew,USD,19.56,provider=openprovider
roma.it,domain,transfer,USD,19.56,provider=openprovider
rome.it,domain,create,USD,19.56,provider=openprovider
rome.it,domain,renew,USD,19.56,provider=openprovider
rome.it,domain,transfer,USD,19.56,provider=openprovider
rovigo.it,domain,create,USD,19.56,provider=openprovider
rovigo.it,domain,renew,USD,19.56,provider=openprovider
rovigo.it,domain,transfer,USD,19.56,provider=openprovider
rrpp.ec,domain,create,USD,39.95,provider=openprovider
rrpp.ec,domain,renew,USD,39.95,provider=openprovider
rrpp.ec,domain,transfer,USD,39.95,provider=openprovider
rsvp,domain,create,USD,14.98,provider=openprovider
rsvp,domain,renew,USD,14.98,provider=openprovider
rsvp,domain,transfer,USD,14.98,provider=openprovider
ru,domain,create,USD,2.82,provider=openprovider
ru,domain,renew,USD,6.05,provider=openprovider
ru,domain,transfer,USD,2.82,provider=openprovider
ru.com,domain,create,USD,161.39,provider=openprovider
ru.com,domain,renew,USD,181.75,provider=openprovider
ru.com,domain,transfer,USD,161.39,provider=openprovider
rugby,domain,create,USD,80,provider=openprovider
rugby,domain,renew,USD,80,provider=openprovider
rugby,domain,transfer,USD,53,provider=openprovider
ruhr,domain,create,USD,49.43,provider=openprovider
ruhr,domain,renew,USD,49.43,provider=openprovider
ruhr,domain,transfer,USD,49.43,provider=openprovider
run,domain,create,USD,27.99,provider=openprovider
run,domain,renew,USD,27.99,provider=openprovider
run,domain,transfer,USD,27.99,provider=openprovider
rybnik.pl,domain,create,USD,14.2,provider=openprovider
rybnik.pl,domain,renew,USD,34.08,provider=openprovider
rybnik.pl,domain,transfer,USD,0,provider=openprovider
ryukyu,domain,create,USD,13.42,provider=openprovider
ryukyu,domain,renew,USD,13.42,provider=openprovider
ryukyu,domain,transfer,USD,13.42,provider=openprovider
rzeszow.pl,domain,create,USD,14.2,provider=openprovider
rzeszow.pl,domain,renew,USD,34.08,provider=openprovider
rzeszow.pl,domain,transfer,USD,0,provider=openprovider
sa.com,domain,create,USD,399.99,provider=openprovider
sa.com,domain,renew,USD,399.99,provider=openprovider
sa.com,domain,transfer,USD,399.99,provider=openprovider
sa.it,domain,create,USD,19.56,provider=openprovider
sa.it,domain,renew,USD,19.56,provider=openprovider
sa.it,domain,transfer,USD,19.56,provider=openprovider
saarland,domain,create,USD,37.16,provider=openprovider
saarland,domain,renew,USD,37.16,provider=openprovider
saarland,domain,transfer,USD,37.16,provider=openprovider
sale,domain,create,USD,48,provider=openprovider
sale,domain,renew,USD,48,provider=openprovider
sale,domain,transfer,USD,48,provider=openprovider
salerno.it,domain,create,USD,19.56,provider=openprovider
salerno.it,domain,renew,USD,19.56,provider=openprovider
salerno.it,domain,transfer,USD,19.56,provider=openprovider
salon,domain,create,USD,58,provider=openprovider
salon,domain,renew,USD,58,provider=openprovider
salon,domain,transfer,USD,58,provider=openprovider
sanok.pl,domain,create,USD,14.2,provider=openprovider
sanok.pl,domain,renew,USD,34.08,provider=openprovider
sanok.pl,domain,transfer,USD,0,provider=openprovider
sar.it,domain,create,USD,19.56,provider=openprovider
sar.it,domain,renew,USD,19.56,provider=openprovider
sar.it,domain,transfer,USD,19.56,provider=openprovider
sardegna.it,domain,create,USD,19.56,provider=openprovider
sardegna.it,domain,renew,USD,19.56,provider=openprovider
sardegna.it,domain,transfer,USD,19.56,provider=openprovider
sardinia.it,domain,create,USD,19.56,provider=openprovider
sardinia.it,domain,renew,USD,19.56,provider=openprovider
sardinia.it,domain,transfer,USD,19.56,provider=openprovider
sarl,domain,create,USD,19,provider=openprovider
sarl,domain,renew,USD,19,provider=openprovider
sarl,domain,transfer,USD,19,provider=openprovider
sassari.it,domain,create,USD,19.56,provider=openprovider
sassari.it,domain,renew,USD,19.56,provider=openprovider
sassari.it,domain,transfer,USD,19.56,provider=openprovider
savona.it,domain,create,USD,19.56,provider=openprovider
savona.it,domain,renew,USD,19.56,provider=openprovider
savona.it,domain,transfer,USD,19.56,provider=openprovider
sb,domain,create,USD,92.52,provider=openprovider
sb,domain,renew,USD,92.52,provider=openprovider
sb,domain,transfer,USD,37.31,provider=openprovider
sbs,domain,create,USD,25.98,provider=openprovider
sbs,domain,renew,USD,25.98,provider=openprovider
sbs,domain,transfer,USD,25.98,provider=openprovider
sc,domain,create,USD,99.98,provider=openprovider
sc,domain,renew,USD,99.98,provider=openprovider
sc,domain,transfer,USD,99.98,provider=openprovider
sc.cn,domain,create,USD,33.26,provider=openprovider
sc.cn,domain,renew,USD,33.26,provider=openprovider
sc.cn,domain,transfer,USD,33.26,provider=openprovider
sc.ke,domain,create,USD,174.16,provider=openprovider
sc.ke,domain,renew,USD,174.16,provider=openprovider
sc.ke,domain,transfer,USD,174.16,provider=openprovider
sc.tz,domain,create,USD,73.59,provider=openprovider
sc.tz,domain,renew,USD,91.99,provider=openprovider
sc.tz,domain,transfer,USD,0,provider=openprovider
sch.ng,domain,create,NGN,6000,provider=nira
sch.ng,domain,create,USD,4.44,provider=nira
sch.ng,domain,renew,NGN,6000,provider=nira
sch.ng,domain,renew,USD,4.44,provider=nira
sch.ng,domain,transfer,NGN,6000,provider=nira
sch.ng,domain,transfer,USD,0,provider=openprovider
school,domain,create,USD,33,provider=openprovider
school,domain,renew,USD,33,provider=openprovider
school,domain,transfer,USD,33,provider=openprovider
school.nz,domain,create,USD,27.36,provider=openprovider
school.nz,domain,renew,USD,27.36,provider=openprovider
school.nz,domain,transfer,USD,0,provider=openprovider
schule,domain,create,USD,32,provider=openprovider
schule,domain,renew,USD,32,provider=openprovider
schule,domain,transfer,USD,32,provider=openprovider
science,domain,create,USD,33,provider=openprovider
science,domain,renew,USD,33,provider=openprovider
science,domain,transfer,USD,33,provider=openprovider
scot,domain,create,USD,54.33,provider=openprovider
scot,domain,renew,USD,54.33,provider=openprovider
scot,domain,transfer,USD,54.33,provider=openprovider
sd.cn,domain,create,USD,33.26,provider=openprovider
sd.cn,domain,renew,USD,33.26,provider=openprovider
sd.cn,domain,transfer,USD,33.26,provider=openprovider
se,domain,create,USD,23.27,provider=openprovider
se,domain,renew,USD,37.43,provider=openprovider
se,domain,transfer,USD,0,provider=openprovider
se.com,domain,create,USD,56.42,provider=openprovider
se.com,domain,renew,USD,56.42,provider=openprovider
se.com,domain,transfer,USD,56.42,provider=openprovider
se.net,domain,create,USD,56.42,provider=openprovider
se.net,domain,renew,USD,56.42,provider=openprovider
se.net,domain,transfer,USD,56.42,provider=openprovider
security,domain,create,USD,4000.36,provider=openprovider
security,domain,renew,USD,4000.36,provider=openprovider
security,domain,transfer,USD,4000.36,provider=openprovider
sejny.pl,domain,create,USD,14.2,provider=openprovider
sejny.pl,domain,renew,USD,34.08,provider=openprovider
sejny.pl,domain,transfer,USD,0,provider=openprovider
select,domain,create,USD,35.98,provider=openprovider
select,domain,renew,USD,35.98,provider=openprovider
select,domain,transfer,USD,35.98,provider=openprovider
seoul.kr,domain,create,USD,60,provider=openprovider
seoul.kr,domain,renew,USD,72,provider=openprovider
seoul.kr,domain,transfer,USD,60,provider=openprovider
services,domain,create,USD,44,provider=openprovider
services,domain,renew,USD,44,provider=openprovider
services,domain,transfer,USD,44,provider=openprovider
sex,domain,create,USD,170.98,provider=openprovider
sex,domain,renew,USD,170.98,provider=openprovider
sex,domain,transfer,USD,170.98,provider=openprovider
sex.pl,domain,create,USD,34.08,provider=openprovider
sex.pl,domain,renew,USD,42.6,provider=openprovider
sex.pl,domain,transfer,USD,0,provider=openprovider
sexy,domain,create,USD,2600,provider=openprovider
sexy,domain,renew,USD,2600,provider=openprovider
sexy,domain,transfer,USD,2600,provider=openprovider
sg,domain,create,USD,80,provider=openprovider
sg,domain,renew,USD,80,provider=openprovider
sg,domain,transfer,USD,80,provider=openprovider
sh,domain,create,USD,78.75,provider=openprovider
sh,domain,renew,USD,78.75,provider=openprovider
sh,domain,transfer,USD,78.75,provider=openprovider
sh.cn,domain,create,USD,33.26,provider=openprovider
sh.cn,domain,renew,USD,33.26,provider=openprovider
sh.cn,domain,transfer,USD,33.26,provider=openprovider
shiksha,domain,create,USD,59,provider=openprovider
shiksha,domain,renew,USD,26.66,provider=openprovider
shiksha,domain,transfer,USD,59,provider=openprovider
shoes,domain,create,USD,65,provider=openprovider
shoes,domain,renew,USD,65,provider=openprovider
shoes,domain,transfer,USD,65,provider=openprovider
shop,domain,create,USD,31.98,provider=openprovider
shop,domain,renew,USD,55.98,provider=openprovider
shop,domain,transfer,USD,55.98,provider=openprovider
shop.pl,domain,create,USD,34.08,provider=openprovider
shop.pl,domain,renew,USD,42.6,provider=openprovider
shop.pl,domain,transfer,USD,0,provider=openprovider
shopping,domain,create,USD,27.6,provider=openprovider
shopping,domain,renew,USD,39.1,provider=openprovider
shopping,domain,transfer,USD,27.6,provider=openprovider
show,domain,create,USD,49,provider=openprovider
show,domain,renew,USD,49,provider=openprovider
show,domain,transfer,USD,49,provider=openprovider
si,domain,create,USD,13.49,provider=openprovider
si,domain,renew,USD,22.08,provider=openprovider
si,domain,transfer,USD,0,provider=openprovider
si.it,domain,create,USD,19.56,provider=openprovider
si.it,domain,renew,USD,19.56,provider=openprovider
si.it,domain,transfer,USD,19.56,provider=openprovider
sic.it,domain,create,USD,19.56,provider=openprovider
sic.it,domain,renew,USD,19.56,provider=openprovider
sic.it,domain,transfer,USD,19.56,provider=openprovider
sicilia.it,domain,create,USD,19.56,provider=openprovider
sicilia.it,domain,renew,USD,19.56,provider=openprovider
sicilia.it,domain,transfer,USD,19.56,provider=openprovider
sicily.it,domain,create,USD,19.56,provider=openprovider
sicily.it,domain,renew,USD,19.56,provider=openprovider
sicily.it,domain,transfer,USD,19.56,provider=openprovider
siena.it,domain,create,USD,19.56,provider=openprovider
siena.it,domain,renew,USD,19.56,provider=openprovider
siena.it,domain,transfer,USD,19.56,provider=openprovider
singles,domain,create,USD,49,provider=openprovider
singles,domain,renew,USD,49,provider=openprovider
singles,domain,transfer,USD,49,provider=openprovider
siracusa.it,domain,create,USD,19.56,provider=openprovider
siracusa.it,domain,renew,USD,19.56,provider=openprovider
siracusa.it,domain,transfer,USD,19.56,provider=openprovider
site,domain,create,USD,34.98,provider=openprovider
site,domain,renew,USD,34.98,provider=openprovider
site,domain,transfer,USD,34.98,provider=openprovider
sjc.br,domain,create,USD,42.25,provider=openprovider
sjc.br,domain,renew,USD,42.25,provider=openprovider
sjc.br,domain,transfer,USD,0,provider=openprovider
sk,domain,create,USD,58.26,provider=openprovider
sk,domain,renew,USD,58.26,provider=openprovider
sk,domain,transfer,USD,58.26,provider=openprovider
ski,domain,create,USD,66,provider=openprovider
ski,domain,renew,USD,66,provider=openprovider
ski,domain,transfer,USD,62,provider=openprovider
skin,domain,create,USD,20.98,provider=openprovider
skin,domain,renew,USD,18.98,provider=openprovider
skin,domain,transfer,USD,20.98,provider=openprovider
sklep.pl,domain,create,USD,34.08,provider=openprovider
sklep.pl,domain,renew,USD,42.6,provider=openprovider
sklep.pl,domain,transfer,USD,0,provider=openprovider
skoczow.pl,domain,create,USD,14.2,provider=openprovider
skoczow.pl,domain,renew,USD,34.08,provider=openprovider
skoczow.pl,domain,transfer,USD,0,provider=openprovider
slask.pl,domain,create,USD,14.2,provider=openprovider
slask.pl,domain,renew,USD,34.08,provider=openprovider
slask.pl,domain,transfer,USD,0,provider=openprovider
slupsk.pl,domain,create,USD,14.2,provider=openprovider
slupsk.pl,domain,renew,USD,34.08,provider=openprovider
slupsk.pl,domain,transfer,USD,0,provider=openprovider
sm,domain,create,USD,199,provider=openprovider
sm,domain,renew,USD,199,provider=openprovider
sm,domain,transfer,USD,239,provider=openprovider
sn,domain,create,USD,139.82,provider=openprovider
sn,domain,renew,USD,139.82,provider=openprovider
sn,domain,transfer,USD,110.39,provider=openprovider
sn.cn,domain,create,USD,33.26,provider=openprovider
sn.cn,domain,renew,USD,33.26,provider=openprovider
sn.cn,domain,transfer,USD,33.26,provider=openprovider
so,domain,create,USD,135,provider=openprovider
so,domain,renew,USD,135,provider=openprovider
so,domain,transfer,USD,0,provider=openprovider
so.it,domain,create,USD,19.56,provider=openprovider
so.it,domain,renew,USD,19.56,provider=openprovider
so.it,domain,transfer,USD,19.56,provider=openprovider
soccer,domain,create,USD,26.99,provider=openprovider
soccer,domain,renew,USD,26.99,provider=openprovider
soccer,domain,transfer,USD,26.99,provider=openprovider
social,domain,create,USD,50,provider=openprovider
social,domain,renew,USD,50,provider=openprovider
social,domain,transfer,USD,50,provider=openprovider
software,domain,create,USD,50,provider=openprovider
software,domain,renew,USD,50,provider=openprovider
software,domain,transfer,USD,50,provider=openprovider
solar,domain,create,USD,65,provider=openprovider
solar,domain,renew,USD,65,provider=openprovider
solar,domain,transfer,USD,65,provider=openprovider
solutions,domain,create,USD,36,provider=openprovider
solutions,domain,renew,USD,36,provider=openprovider
solutions,domain,transfer,USD,36,provider=openprovider
sondrio.it,domain,create,USD,19.56,provider=openprovider
sondrio.it,domain,renew,USD,19.56,provider=openprovider
sondrio.it,domain,transfer,USD,19.56,provider=openprovider
sos.pl,domain,create,USD,34.08,provider=openprovider
sos.pl,domain,renew,USD,42.6,provider=openprovider
sos.pl,domain,transfer,USD,0,provider=openprovider
sosnowiec.pl,domain,create,USD,14.2,provider=openprovider
sosnowiec.pl,domain,renew,USD,34.08,provider=openprovider
sosnowiec.pl,domain,transfer,USD,0,provider=openprovider
soy,domain,create,USD,36.36,provider=openprovider
soy,domain,renew,USD,36.36,provider=openprovider
soy,domain,transfer,USD,36.36,provider=openprovider
sp.it,domain,create,USD,19.56,provider=openprovider
sp.it,domain,renew,USD,19.56,provider=openprovider
sp.it,domain,transfer,USD,19.56,provider=openprovider
spa,domain,create,USD,40,provider=openprovider
spa,domain,renew,USD,40,provider=openprovider
spa,domain,transfer,USD,40,provider=openprovider
space,domain,create,USD,32.98,provider=openprovider
space,domain,renew,USD,32.98,provider=openprovider
space,domain,transfer,USD,32.98,provider=openprovider
sport,domain,create,USD,600.36,provider=openprovider
sport,domain,renew,USD,600.36,provider=openprovider
sport,domain,transfer,USD,600.36,provider=openprovider
spreadbetting,domain,create,USD,40000.36,provider=openprovider
spreadbetting,domain,renew,USD,40000.36,provider=openprovider
spreadbetting,domain,transfer,USD,40000.36,provider=openprovider
sr,domain,create,USD,71,provider=openprovider
sr,domain,renew,USD,71,provider=openprovider
sr,domain,transfer,USD,71,provider=openprovider
sr.it,domain,create,USD,19.56,provider=openprovider
sr.it,domain,renew,USD,19.56,provider=openprovider
sr.it,domain,transfer,USD,19.56,provider=openprovider
srl,domain,create,USD,52.36,provider=openprovider
srl,domain,renew,USD,52.36,provider=openprovider
srl,domain,transfer,USD,52.36,provider=openprovider
ss.it,domain,create,USD,19.56,provider=openprovider
ss.it,domain,renew,USD,19.56,provider=openprovider
ss.it,domain,transfer,USD,19.56,provider=openprovider
stalowa-wola.pl,domain,create,USD,14.2,provider=openprovider
stalowa-wola.pl,domain,renew,USD,34.08,provider=openprovider
stalowa-wola.pl,domain,transfer,USD,0,provider=openprovider
starachowice.pl,domain,create,USD,14.2,provider=openprovider
starachowice.pl,domain,renew,USD,34.08,provider=openprovider
starachowice.pl,domain,transfer,USD,0,provider=openprovider
stargard.pl,domain,create,USD,14.2,provider=openprovider
stargard.pl,domain,renew,USD,34.08,provider=openprovider
stargard.pl,domain,transfer,USD,0,provider=openprovider
storage,domain,create,USD,1000.36,provider=openprovider
storage,domain,renew,USD,1000.36,provider=openprovider
storage,domain,transfer,USD,1000.36,provider=openprovider
store,domain,create,USD,53,provider=openprovider
store,domain,renew,USD,53,provider=openprovider
store,domain,transfer,USD,49.98,provider=openprovider
store.ro,domain,create,USD,18.37,provider=openprovider
store.ro,domain,renew,USD,18.37,provider=openprovider
store.ro,domain,transfer,USD,18.37,provider=openprovider
stream,domain,create,USD,33,provider=openprovider
stream,domain,renew,USD,33,provider=openprovider
stream,domain,transfer,USD,33,provider=openprovider
studio,domain,create,USD,46,provider=openprovider
studio,domain,renew,USD,46,provider=openprovider
studio,domain,transfer,USD,46,provider=openprovider
study,domain,create,USD,39.98,provider=openprovider
study,domain,renew,USD,49.98,provider=openprovider
study,domain,transfer,USD,39.98,provider=openprovider
style,domain,create,USD,48,provider=openprovider
style,domain,renew,USD,48,provider=openprovider
style,domain,transfer,USD,45,provider=openprovider
su,domain,create,USD,46,provider=openprovider
su,domain,renew,USD,46,provider=openprovider
su,domain,transfer,USD,0,provider=openprovider
sucks,domain,create,USD,398.36,provider=openprovider
sucks,domain,renew,USD,398.36,provider=openprovider
sucks,domain,transfer,USD,398.36,provider=openprovider
suedtirol.it,domain,create,USD,19.56,provider=openprovider
suedtirol.it,domain,renew,USD,19.56,provider=openprovider
suedtirol.it,domain,transfer,USD,19.56,provider=openprovider
supplies,domain,create,USD,26.98,provider=openprovider
supplies,domain,renew,USD,26.98,provider=openprovider
supplies,domain,transfer,USD,26.98,provider=openprovider
supply,domain,create,USD,27.98,provider=openprovider
supply,domain,renew,USD,27.98,provider=openprovider
supply,domain,transfer,USD,27.98,provider=openprovider
support,domain,create,USD,32,provider=openprovider
support,domain,renew,USD,32,provider=openprovider
support,domain,transfer,USD,32,provider=openprovider
surf,domain,create,USD,35.98,provider=openprovider
surf,domain,renew,USD,35.98,provider=openprovider
surf,domain,transfer,USD,35.98,provider=openprovider
surgery,domain,create,USD,55,provider=openprovider
surgery,domain,renew,USD,55,provider=openprovider
surgery,domain,transfer,USD,55,provider=openprovider
suwalki.pl,domain,create,USD,14.2,provider=openprovider
suwalki.pl,domain,renew,USD,34.08,provider=openprovider
suwalki.pl,domain,transfer,USD,0,provider=openprovider
sv.it,domain,create,USD,19.56,provider=openprovider
sv.it,domain,renew,USD,19.56,provider=openprovider
sv.it,domain,transfer,USD,19.56,provider=openprovider
swidnica.pl,domain,create,USD,14.2,provider=openprovider
swidnica.pl,domain,renew,USD,34.08,provider=openprovider
swidnica.pl,domain,transfer,USD,0,provider=openprovider
swiebodzin.pl,domain,create,USD,14.2,provider=openprovider
swiebodzin.pl,domain,renew,USD,34.08,provider=openprovider
swiebodzin.pl,domain,transfer,USD,0,provider=openprovider
swinoujscie.pl,domain,create,USD,14.2,provider=openprovider
swinoujscie.pl,domain,renew,USD,34.08,provider=openprovider
swinoujscie.pl,domain,transfer,USD,0,provider=openprovider
swiss,domain,create,USD,237.02,provider=openprovider
swiss,domain,renew,USD,237.02,provider=openprovider
swiss,domain,transfer,USD,237.02,provider=openprovider
sx,domain,create,USD,50,provider=openprovider
sx,domain,renew,USD,50,provider=openprovider
sx,domain,transfer,USD,50,provider=openprovider
sx.cn,domain,create,USD,33.26,provider=openprovider
sx.cn,domain,renew,USD,33.26,provider=openprovider
sx.cn,domain,transfer,USD,33.26,provider=openprovider
sydney,domain,create,USD,74.61,provider=openprovider
sydney,domain,renew,USD,74.61,provider=openprovider
sydney,domain,transfer,USD,74.61,provider=openprovider
systems,domain,create,USD,40,provider=openprovider
systems,domain,renew,USD,40,provider=openprovider
systems,domain,transfer,USD,40,provider=openprovider
szczecin.pl,domain,create,USD,14.2,provider=openprovider
szczecin.pl,domain,renew,USD,34.08,provider=openprovider
szczecin.pl,domain,transfer,USD,0,provider=openprovider
szczytno.pl,domain,create,USD,14.2,provider=openprovider
szczytno.pl,domain,renew,USD,34.08,provider=openprovider
szczytno.pl,domain,transfer,USD,0,provider=openprovider
szkola.pl,domain,create,USD,34.08,provider=openprovider
szkola.pl,domain,renew,USD,42.6,provider=openprovider
szkola.pl,domain,transfer,USD,0,provider=openprovider
ta.it,domain,create,USD,19.56,provider=openprovider
ta.it,domain,renew,USD,19.56,provider=openprovider
ta.it,domain,transfer,USD,19.56,provider=openprovider
taa.it,domain,create,USD,19.56,provider=openprovider
taa.it,domain,renew,USD,19.56,provider=openprovider
taa.it,domain,transfer,USD,19.56,provider=openprovider
taipei,domain,create,USD,28.36,provider=openprovider
taipei,domain,renew,USD,28.36,provider=openprovider
taipei,domain,transfer,USD,28.36,provider=openprovider
taranto.it,domain,create,USD,19.56,provider=openprovider
taranto.it,domain,renew,USD,19.56,provider=openprovider
taranto.it,domain,transfer,USD,19.56,provider=openprovider
targi.pl,domain,create,USD,34.08,provider=openprovider
targi.pl,domain,renew,USD,42.6,provider=openprovider
targi.pl,domain,transfer,USD,0,provider=openprovider
tarnobrzeg.pl,domain,create,USD,14.2,provider=openprovider
tarnobrzeg.pl,domain,renew,USD,34.08,provider=openprovider
tarnobrzeg.pl,domain,transfer,USD,0,provider=openprovider
tatar,domain,create,USD,10.52,provider=openprovider
tatar,domain,renew,USD,10.52,provider=openprovider
tatar,domain,transfer,USD,10.52,provider=openprovider
tattoo,domain,create,USD,43,provider=openprovider
tattoo,domain,renew,USD,60.36,provider=openprovider
tattoo,domain,transfer,USD,60.36,provider=openprovider
tax,domain,create,USD,68,provider=openprovider
tax,domain,renew,USD,68,provider=openprovider
tax,domain,transfer,USD,68,provider=openprovider
taxi,domain,create,USD,65,provider=openprovider
taxi,domain,renew,USD,65,provider=openprovider
taxi,domain,transfer,USD,65,provider=openprovider
tc,domain,create,USD,208.51,provider=openprovider
tc,domain,renew,USD,208.51,provider=openprovider
tc,domain,transfer,USD,332,provider=openprovider
td,domain,create,USD,551.93,provider=openprovider
td,domain,renew,USD,551.93,provider=openprovider
td,domain,transfer,USD,0,provider=openprovider
te.it,domain,create,USD,19.56,provider=openprovider
te.it,domain,renew,USD,19.56,provider=openprovider
te.it,domain,transfer,USD,19.56,provider=openprovider
team,domain,create,USD,42,provider=openprovider
team,domain,renew,USD,42,provider=openprovider
team,domain,transfer,USD,42,provider=openprovider
tech,domain,create,USD,59.98,provider=openprovider
tech,domain,renew,USD,59.98,provider=openprovider
tech,domain,transfer,USD,59.98,provider=openprovider
tech.ec,domain,create,USD,39.95,provider=openprovider
tech.ec,domain,renew,USD,39.95,provider=openprovider
tech.ec,domain,transfer,USD,39.95,provider=openprovider
technology,domain,create,USD,28,provider=openprovider
technology,domain,renew,USD,28,provider=openprovider
technology,domain,transfer,USD,28,provider=openprovider
tel,domain,create,USD,27,provider=openprovider
tel,domain,renew,USD,33,provider=openprovider
tel,domain,transfer,USD,27,provider=openprovider
tempio-olbia.it,domain,create,USD,19.56,provider=openprovider
tempio-olbia.it,domain,renew,USD,19.56,provider=openprovider
tempio-olbia.it,domain,transfer,USD,19.56,provider=openprovider
tempioolbia.it,domain,create,USD,19.56,provider=openprovider
tempioolbia.it,domain,renew,USD,19.56,provider=openprovider
tempioolbia.it,domain,transfer,USD,19.56,provider=openprovider
tennis,domain,create,USD,66,provider=openprovider
tennis,domain,renew,USD,66,provider=openprovider
tennis,domain,transfer,USD,66,provider=openprovider
teramo.it,domain,create,USD,19.56,provider=openprovider
teramo.it,domain,renew,USD,19.56,provider=openprovider
teramo.it,domain,transfer,USD,19.56,provider=openprovider
terni.it,domain,create,USD,19.56,provider=openprovider
terni.it,domain,renew,USD,19.56,provider=openprovider
terni.it,domain,transfer,USD,19.56,provider=openprovider
tf,domain,create,USD,7.3,provider=openprovider
tf,domain,renew,USD,8.52,provider=openprovider
tf,domain,transfer,USD,8.52,provider=openprovider
tgory.pl,domain,create,USD,14.2,provider=openprovider
tgory.pl,domain,renew,USD,34.08,provider=openprovider
tgory.pl,domain,transfer,USD,0,provider=openprovider
theater,domain,create,USD,65,provider=openprovider
theater,domain,renew,USD,65,provider=openprovider
theater,domain,transfer,USD,65,provider=openprovider
theatre,domain,create,USD,1000.36,provider=openprovider
theatre,domain,renew,USD,1000.36,provider=openprovider
theatre,domain,transfer,USD,1000.36,provider=openprovider
tickets,domain,create,USD,700.36,provider=openprovider
tickets,domain,renew,USD,700.36,provider=openprovider
tickets,domain,transfer,USD,700.36,provider=openprovider
tienda,domain,create,USD,59.99,provider=openprovider
tienda,domain,renew,USD,59.99,provider=openprovider
tienda,domain,transfer,USD,59.99,provider=openprovider
tips,domain,create,USD,31,provider=openprovider
tips,domain,renew,USD,31,provider=openprovider
tips,domain,transfer,USD,31,provider=openprovider
tires,domain,create,USD,160,provider=openprovider
tires,domain,renew,USD,140,provider=openprovider
tires,domain,transfer,USD,160,provider=openprovider
tirol,domain,create,USD,55.17,provider=openprovider
tirol,domain,renew,USD,73.57,provider=openprovider
tirol,domain,transfer,USD,55.17,provider=openprovider
tj.cn,domain,create,USD,33.26,provider=openprovider
tj.cn,domain,renew,USD,33.26,provider=openprovider
tj.cn,domain,transfer,USD,33.26,provider=openprovider
tk,domain,create,USD,14.72,provider=openprovider
tk,domain,renew,USD,14.72,provider=openprovider
tk,domain,transfer,USD,14.72,provider=openprovider
tl,domain,create,USD,95.27,provider=openprovider
tl,domain,renew,USD,95.27,provider=openprovider
tl,domain,transfer,USD,38.72,provider=openprovider
tm,domain,create,USD,520,provider=openprovider
tm,domain,renew,USD,520,provider=openprovider
tm,domain,transfer,USD,520,provider=openprovider
tm.fr,domain,create,USD,11.28,provider=openprovider
tm.fr,domain,renew,USD,11.35,provider=openprovider
tm.fr,domain,transfer,USD,11.28,provider=openprovider
tm.mc,domain,create,USD,90,provider=openprovider
tm.mc,domain,renew,USD,45,provider=openprovider
tm.mc,domain,transfer,USD,90,provider=openprovider
tm.pl,domain,create,USD,34.08,provider=openprovider
tm.pl,domain,renew,USD,42.6,provider=openprovider
tm.pl,domain,transfer,USD,0,provider=openprovider
tm.ro,domain,create,USD,18.37,provider=openprovider
tm.ro,domain,renew,USD,18.37,provider=openprovider
tm.ro,domain,transfer,USD,18.37,provider=openprovider
tn,domain,create,USD,159.45,provider=openprovider
tn,domain,renew,USD,159.45,provider=openprovider
tn,domain,transfer,USD,551.93,provider=openprovider
tn.it,domain,create,USD,19.56,provider=openprovider
tn.it,domain,renew,USD,19.56,provider=openprovider
tn.it,domain,transfer,USD,19.56,provider=openprovider
to.it,domain,create,USD,19.56,provider=openprovider
to.it,domain,renew,USD,19.56,provider=openprovider
to.it,domain,transfer,USD,19.56,provider=openprovider
today,domain,create,USD,33.49,provider=openprovider
today,domain,renew,USD,33.49,provider=openprovider
today,domain,transfer,USD,33.49,provider=openprovider
tokyo,domain,create,USD,19.84,provider=openprovider
tokyo,domain,renew,USD,19.84,provider=openprovider
tokyo,domain,transfer,USD,13.42,provider=openprovider
tools,domain,create,USD,41,provider=openprovider
tools,domain,renew,USD,41,provider=openprovider
tools,domain,transfer,USD,41,provider=openprovider
top,domain,create,USD,4.69,provider=openprovider
top,domain,renew,USD,12.81,provider=openprovider
top,domain,transfer,USD,12.81,provider=openprovider
torino.it,domain,create,USD,19.56,provider=openprovider
torino.it,domain,renew,USD,19.56,provider=openprovider
torino.it,domain,transfer,USD,19.56,provider=openprovider
tos.it,domain,create,USD,19.56,provider=openprovider
tos.it,domain,renew,USD,19.56,provider=openprovider
tos.it,domain,transfer,USD,19.56,provider=openprovider
toscana.it,domain,create,USD,19.56,provider=openprovider
toscana.it,domain,renew,USD,19.56,provider=openprovider
toscana.it,domain,transfer,USD,19.56,provider=openprovider
tourism.pl,domain,create,USD,34.08,provider=openprovider
tourism.pl,domain,renew,USD,42.6,provider=openprovider
tourism.pl,domain,transfer,USD,0,provider=openprovider
tours,domain,create,USD,62,provider=openprovider
tours,domain,renew,USD,62,provider=openprovider
tours,domain,transfer,USD,62,provider=openprovider
town,domain,create,USD,42,provider=openprovider
town,domain,renew,USD,42,provider=openprovider
town,domain,transfer,USD,42,provider=openprovider
toys,domain,create,USD,65,provider=openprovider
toys,domain,renew,USD,65,provider=openprovider
toys,domain,transfer,USD,65,provider=openprovider
tp.it,domain,create,USD,19.56,provider=openprovider
tp.it,domain,renew,USD,19.56,provider=openprovider
tp.it,domain,transfer,USD,19.56,provider=openprovider
tr.it,domain,create,USD,19.56,provider=openprovider
tr.it,domain,renew,USD,19.56,provider=openprovider
tr.it,domain,transfer,USD,19.56,provider=openprovider
trade,domain,create,USD,33,provider=openprovider
trade,domain,renew,USD,33,provider=openprovider
trade,domain,transfer,USD,33,provider=openprovider
trading,domain,create,USD,32,provider=openprovider
trading,domain,renew,USD,32,provider=openprovider
trading,domain,transfer,USD,32,provider=openprovider
training,domain,create,USD,47,provider=openprovider
training,domain,renew,USD,47,provider=openprovider
training,domain,transfer,USD,47,provider=openprovider
trani-andria-barletta.it,domain,create,USD,19.56,provider=openprovider
trani-andria-barletta.it,domain,renew,USD,19.56,provider=openprovider
trani-andria-barletta.it,domain,transfer,USD,19.56,provider=openprovider
trani-barletta-andria.it,domain,create,USD,19.56,provider=openprovider
trani-barletta-andria.it,domain,renew,USD,19.56,provider=openprovider
trani-barletta-andria.it,domain,transfer,USD,19.56,provider=openprovider
traniandriabarletta.it,domain,create,USD,19.56,provider=openprovider
traniandriabarletta.it,domain,renew,USD,19.56,provider=openprovider
traniandriabarletta.it,domain,transfer,USD,19.56,provider=openprovider
tranibarlettaandria.it,domain,create,USD,19.56,provider=openprovider
tranibarlettaandria.it,domain,renew,USD,19.56,provider=openprovider
tranibarlettaandria.it,domain,transfer,USD,19.56,provider=openprovider
trapani.it,domain,create,USD,19.56,provider=openprovider
trapani.it,domain,renew,USD,19.56,provider=openprovider
trapani.it,domain,transfer,USD,19.56,provider=openprovider
travel,domain,create,USD,145,provider=openprovider
travel,domain,renew,USD,145,provider=openprovider
travel,domain,transfer,USD,145,provider=openprovider
travel.in,domain,create,USD,7.67,provider=openprovider
travel.in,domain,renew,USD,10.96,provider=openprovider
travel.in,domain,transfer,USD,7.67,provider=openprovider
travel.pl,domain,create,USD,34.08,provider=openprovider
travel.pl,domain,renew,USD,42.6,provider=openprovider
travel.pl,domain,transfer,USD,0,provider=openprovider
trentin-sud-tirol.it,domain,create,USD,19.56,provider=openprovider
trentin-sud-tirol.it,domain,renew,USD,19.56,provider=openprovider
trentin-sud-tirol.it,domain,transfer,USD,19.56,provider=openprovider
trentin-sudtirol.it,domain,create,USD,19.56,provider=openprovider
trentin-sudtirol.it,domain,renew,USD,19.56,provider=openprovider
trentin-sudtirol.it,domain,transfer,USD,19.56,provider=openprovider
trentin-sued-tirol.it,domain,create,USD,19.56,provider=openprovider
trentin-sued-tirol.it,domain,renew,USD,19.56,provider=openprovider
trentin-sued-tirol.it,domain,transfer,USD,19.56,provider=openprovider
trentin-suedtirol.it,domain,create,USD,19.56,provider=openprovider
trentin-suedtirol.it,domain,renew,USD,19.56,provider=openprovider
trentin-suedtirol.it,domain,transfer,USD,19.56,provider=openprovider
trentino-a-adige.it,domain,create,USD,19.56,provider=openprovider
trentino-a-adige.it,domain,renew,USD,19.56,provider=openprovider
trentino-a-adige.it,domain,transfer,USD,19.56,provider=openprovider
trentino-aadige.it,domain,create,USD,19.56,provider=openprovider
trentino-aadige.it,domain,renew,USD,19.56,provider=openprovider
trentino-aadige.it,domain,transfer,USD,19.56,provider=openprovider
trentino-alto-adige.it,domain,create,USD,19.56,provider=openprovider
trentino-alto-adige.it,domain,renew,USD,19.56,provider=openprovider
trentino-alto-adige.it,domain,transfer,USD,19.56,provider=openprovider
trentino-altoadige.it,domain,create,USD,19.56,provider=openprovider
trentino-altoadige.it,domain,renew,USD,19.56,provider=openprovider
trentino-altoadige.it,domain,transfer,USD,19.56,provider=openprovider
trentino-s-tirol.it,domain,create,USD,19.56,provider=openprovider
trentino-s-tirol.it,domain,renew,USD,19.56,provider=openprovider
trentino-s-tirol.it,domain,transfer,USD,19.56,provider=openprovider
trentino-stirol.it,domain,create,USD,19.56,provider=openprovider
trentino-stirol.it,domain,renew,USD,19.56,provider=openprovider
trentino-stirol.it,domain,transfer,USD,19.56,provider=openprovider
trentino-sud-tirol.it,domain,create,USD,19.56,provider=openprovider
trentino-sud-tirol.it,domain,renew,USD,19.56,provider=openprovider
trentino-sud-tirol.it,domain,transfer,USD,19.56,provider=openprovider
trentino-sudtirol.it,domain,create,USD,19.56,provider=openprovider
trentino-sudtirol.it,domain,renew,USD,19.56,provider=openprovider
trentino-sudtirol.it,domain,transfer,USD,19.56,provider=openprovider
trentino-sued-tirol.it,domain,create,USD,19.56,provider=openprovider
trentino-sued-tirol.it,domain,renew,USD,19.56,provider=openprovider
trentino-sued-tirol.it,domain,transfer,USD,19.56,provider=openprovider
trentino-suedtirol.it,domain,create,USD,19.56,provider=openprovider
trentino-suedtirol.it,domain,renew,USD,19.56,provider=openprovider
trentino-suedtirol.it,domain,transfer,USD,19.56,provider=openprovider
trentino.it,domain,create,USD,19.56,provider=openprovider
trentino.it,domain,renew,USD,19.56,provider=openprovider
trentino.it,domain,transfer,USD,19.56,provider=openprovider
trentinoa-adige.it,domain,create,USD,19.56,provider=openprovider
trentinoa-adige.it,domain,renew,USD,19.56,provider=openprovider
trentinoa-adige.it,domain,transfer,USD,19.56,provider=openprovider
trentinoaadige.it,domain,create,USD,19.56,provider=openprovider
trentinoaadige.it,domain,renew,USD,19.56,provider=openprovider
trentinoaadige.it,domain,transfer,USD,19.56,provider=openprovider
trentinoalto-adige.it,domain,create,USD,19.56,provider=openprovider
trentinoalto-adige.it,domain,renew,USD,19.56,provider=openprovider
trentinoalto-adige.it,domain,transfer,USD,19.56,provider=openprovider
trentinoaltoadige.it,domain,create,USD,19.56,provider=openprovider
trentinoaltoadige.it,domain,renew,USD,19.56,provider=openprovider
trentinoaltoadige.it,domain,transfer,USD,19.56,provider=openprovider
trentinos-tirol.it,domain,create,USD,19.56,provider=openprovider
trentinos-tirol.it,domain,renew,USD,19.56,provider=openprovider
trentinos-tirol.it,domain,transfer,USD,19.56,provider=openprovider
trentinostirol.it,domain,create,USD,19.56,provider=openprovider
trentinostirol.it,domain,renew,USD,19.56,provider=openprovider
trentinostirol.it,domain,transfer,USD,19.56,provider=openprovider
trentinosud-tirol.it,domain,create,USD,19.56,provider=openprovider
trentinosud-tirol.it,domain,renew,USD,19.56,provider=openprovider
trentinosud-tirol.it,domain,transfer,USD,19.56,provider=openprovider
trentinosudtirol.it,domain,create,USD,19.56,provider=openprovider
trentinosudtirol.it,domain,renew,USD,19.56,provider=openprovider
trentinosudtirol.it,domain,transfer,USD,19.56,provider=openprovider
trentinosued-tirol.it,domain,create,USD,19.56,provider=openprovider
trentinosued-tirol.it,domain,renew,USD,19.56,provider=openprovider
trentinosued-tirol.it,domain,transfer,USD,19.56,provider=openprovider
trentinosuedtirol.it,domain,create,USD,19.56,provider=openprovider
trentinosuedtirol.it,domain,renew,USD,19.56,provider=openprovider
trentinosuedtirol.it,domain,transfer,USD,19.56,provider=openprovider
trentinsud-tirol.it,domain,create,USD,19.56,provider=openprovider
trentinsud-tirol.it,domain,renew,USD,19.56,provider=openprovider
trentinsud-tirol.it,domain,transfer,USD,19.56,provider=openprovider
trentinsudtirol.it,domain,create,USD,19.56,provider=openprovider
trentinsudtirol.it,domain,renew,USD,19.56,provider=openprovider
trentinsudtirol.it,domain,transfer,USD,19.56,provider=openprovider
trentinsued-tirol.it,domain,create,USD,19.56,provider=openprovider
trentinsued-tirol.it,domain,renew,USD,19.56,provider=openprovider
trentinsued-tirol.it,domain,transfer,USD,19.56,provider=openprovider
trentinsuedtirol.it,domain,create,USD,19.56,provider=openprovider
trentinsuedtirol.it,domain,renew,USD,19.56,provider=openprovider
trentinsuedtirol.it,domain,transfer,USD,19.56,provider=openprovider
trento.it,domain,create,USD,19.56,provider=openprovider
trento.it,domain,renew,USD,19.56,provider=openprovider
trento.it,domain,transfer,USD,19.56,provider=openprovider
treviso.it,domain,create,USD,19.56,provider=openprovider
treviso.it,domain,renew,USD,19.56,provider=openprovider
treviso.it,domain,transfer,USD,19.56,provider=openprovider
trieste.it,domain,create,USD,19.56,provider=openprovider
trieste.it,domain,renew,USD,19.56,provider=openprovider
trieste.it,domain,transfer,USD,19.56,provider=openprovider
ts.it,domain,create,USD,19.56,provider=openprovider
ts.it,domain,renew,USD,19.56,provider=openprovider
ts.it,domain,transfer,USD,19.56,provider=openprovider
tube,domain,create,USD,40.36,provider=openprovider
tube,domain,renew,USD,40.36,provider=openprovider
tube,domain,transfer,USD,40.36,provider=openprovider
tur.br,domain,create,USD,42.25,provider=openprovider
tur.br,domain,renew,USD,42.25,provider=openprovider
tur.br,domain,transfer,USD,35.69,provider=openprovider
tur.ec,domain,create,USD,39.95,provider=openprovider
tur.ec,domain,renew,USD,49.95,provider=openprovider
tur.ec,domain,transfer,USD,49.95,provider=openprovider
turek.pl,domain,create,USD,14.2,provider=openprovider
turek.pl,domain,renew,USD,34.08,provider=openprovider
turek.pl,domain,transfer,USD,0,provider=openprovider
turin.it,domain,create,USD,19.56,provider=openprovider
turin.it,domain,renew,USD,19.56,provider=openprovider
turin.it,domain,transfer,USD,19.56,provider=openprovider
turystyka.pl,domain,create,USD,34.08,provider=openprovider
turystyka.pl,domain,renew,USD,42.6,provider=openprovider
turystyka.pl,domain,transfer,USD,0,provider=openprovider
tuscany.it,domain,create,USD,19.56,provider=openprovider
tuscany.it,domain,renew,USD,19.56,provider=openprovider
tuscany.it,domain,transfer,USD,19.56,provider=openprovider
tv,domain,create,USD,25.99,provider=openprovider
tv,domain,renew,USD,49.99,provider=openprovider
tv,domain,transfer,USD,49.99,provider=openprovider
tv.br,domain,create,USD,42.25,provider=openprovider
tv.br,domain,renew,USD,42.25,provider=openprovider
tv.br,domain,transfer,USD,0,provider=openprovider
tv.in,domain,create,USD,7.67,provider=openprovider
tv.in,domain,renew,USD,10.96,provider=openprovider
tv.in,domain,transfer,USD,7.67,provider=openprovider
tv.it,domain,create,USD,19.56,provider=openprovider
tv.it,domain,renew,USD,19.56,provider=openprovider
tv.it,domain,transfer,USD,19.56,provider=openprovider
tv.tz,domain,create,USD,73.59,provider=openprovider
tv.tz,domain,renew,USD,91.99,provider=openprovider
tv.tz,domain,transfer,USD,0,provider=openprovider
tw,domain,create,USD,63.99,provider=openprovider
tw,domain,renew,USD,63.99,provider=openprovider
tw,domain,transfer,USD,63.99,provider=openprovider
tw.cn,domain,create,USD,33.26,provider=openprovider
tw.cn,domain,renew,USD,33.26,provider=openprovider
tw.cn,domain,transfer,USD,33.26,provider=openprovider
tychy.pl,domain,create,USD,14.2,provider=openprovider
tychy.pl,domain,renew,USD,34.08,provider=openprovider
tychy.pl,domain,transfer,USD,0,provider=openprovider
tz,domain,create,USD,112.84,provider=openprovider
tz,domain,renew,USD,112.84,provider=openprovider
tz,domain,transfer,USD,0,provider=openprovider
ua,domain,create,USD,96.76,provider=openprovider
ua,domain,renew,USD,115.84,provider=openprovider
ua,domain,transfer,USD,115.84,provider=openprovider
ud.it,domain,create,USD,19.56,provider=openprovider
ud.it,domain,renew,USD,19.56,provider=openprovider
ud.it,domain,transfer,USD,19.56,provider=openprovider
udine.it,domain,create,USD,19.56,provider=openprovider
udine.it,domain,renew,USD,19.56,provider=openprovider
udine.it,domain,transfer,USD,19.56,provider=openprovider
uio.ec,domain,create,USD,29.95,provider=openprovider
uio.ec,domain,renew,USD,39.95,provider=openprovider
uio.ec,domain,transfer,USD,39.95,provider=openprovider
uk,domain,create,USD,7.15,provider=openprovider
uk,domain,renew,USD,21.45,provider=openprovider
uk,domain,transfer,USD,0,provider=openprovider
uk.com,domain,create,USD,46.5,provider=openprovider
uk.com,domain,renew,USD,46.5,provider=openprovider
uk.com,domain,transfer,USD,46.5,provider=openprovider
uk.in,domain,create,USD,7.67,provider=openprovider
uk.in,domain,renew,USD,10.96,provider=openprovider
uk.in,domain,transfer,USD,7.67,provider=openprovider
uk.net,domain,create,USD,46.5,provider=openprovider
uk.net,domain,renew,USD,46.5,provider=openprovider
uk.net,domain,transfer,USD,46.5,provider=openprovider
uk.pr,domain,create,USD,294,provider=openprovider
uk.pr,domain,renew,USD,294,provider=openprovider
uk.pr,domain,transfer,USD,294,provider=openprovider
umb.it,domain,create,USD,19.56,provider=openprovider
umb.it,domain,renew,USD,19.56,provider=openprovider
umb.it,domain,transfer,USD,19.56,provider=openprovider
umbria.it,domain,create,USD,19.56,provider=openprovider
umbria.it,domain,renew,USD,19.56,provider=openprovider
umbria.it,domain,transfer,USD,19.56,provider=openprovider
university,domain,create,USD,68,provider=openprovider
university,domain,renew,USD,68,provider=openprovider
university,domain,transfer,USD,68,provider=openprovider
uno,domain,create,USD,27.98,provider=openprovider
uno,domain,renew,USD,27.98,provider=openprovider
uno,domain,transfer,USD,27.98,provider=openprovider
up.in,domain,create,USD,7.67,provider=openprovider
up.in,domain,renew,USD,10.96,provider=openprovider
up.in,domain,transfer,USD,7.67,provider=openprovider
urbino-pesaro.it,domain,create,USD,19.56,provider=openprovider
urbino-pesaro.it,domain,renew,USD,19.56,provider=openprovider
urbino-pesaro.it,domain,transfer,USD,19.56,provider=openprovider
urbinopesaro.it,domain,create,USD,19.56,provider=openprovider
urbinopesaro.it,domain,renew,USD,19.56,provider=openprovider
urbinopesaro.it,domain,transfer,USD,19.56,provider=openprovider
us,domain,create,USD,6.99,provider=openprovider
us,domain,renew,USD,15.99,provider=openprovider
us,domain,transfer,USD,15.99,provider=openprovider
us.com,domain,create,USD,30,provider=openprovider
us.com,domain,renew,USD,30,provider=openprovider
us.com,domain,transfer,USD,30,provider=openprovider
us.in,domain,create,USD,7.67,provider=openprovider
us.in,domain,renew,USD,10.96,provider=openprovider
us.in,domain,transfer,USD,7.67,provider=openprovider
us.org,domain,create,USD,30,provider=openprovider
us.org,domain,renew,USD,30,provider=openprovider
us.org,domain,transfer,USD,30,provider=openprovider
ustka.pl,domain,create,USD,14.2,provider=openprovider
ustka.pl,domain,renew,USD,34.08,provider=openprovider
ustka.pl,domain,transfer,USD,0,provider=openprovider
uy,domain,create,USD,180,provider=openprovider
uy,domain,renew,USD,180,provider=openprovider
uy,domain,transfer,USD,180,provider=openprovider
uy.com,domain,create,USD,66,provider=openprovider
uy.com,domain,renew,USD,66,provider=openprovider
uy.com,domain,transfer,USD,66,provider=openprovider
va.it,domain,create,USD,19.56,provider=openprovider
va.it,domain,renew,USD,19.56,provider=openprovider
va.it,domain,transfer,USD,19.56,provider=openprovider
vacations,domain,create,USD,48,provider=openprovider
vacations,domain,renew,USD,48,provider=openprovider
vacations,domain,transfer,USD,48,provider=openprovider
val-d-aosta.it,domain,create,USD,19.56,provider=openprovider
val-d-aosta.it,domain,renew,USD,19.56,provider=openprovider
val-d-aosta.it,domain,transfer,USD,19.56,provider=openprovider
val-daosta.it,domain,create,USD,19.56,provider=openprovider
val-daosta.it,domain,renew,USD,19.56,provider=openprovider
val-daosta.it,domain,transfer,USD,19.56,provider=openprovider
vald-aosta.it,domain,create,USD,19.56,provider=openprovider
vald-aosta.it,domain,renew,USD,19.56,provider=openprovider
vald-aosta.it,domain,transfer,USD,19.56,provider=openprovider
valdaosta.it,domain,create,USD,19.56,provider=openprovider
valdaosta.it,domain,renew,USD,19.56,provider=openprovider
valdaosta.it,domain,transfer,USD,19.56,provider=openprovider
valle-aosta.it,domain,create,USD,19.56,provider=openprovider
valle-aosta.it,domain,renew,USD,19.56,provider=openprovider
valle-aosta.it,domain,transfer,USD,19.56,provider=openprovider
valle-d-aosta.it,domain,create,USD,19.56,provider=openprovider
valle-d-aosta.it,domain,renew,USD,19.56,provider=openprovider
valle-d-aosta.it,domain,transfer,USD,19.56,provider=openprovider
valle-daosta.it,domain,create,USD,19.56,provider=openprovider
valle-daosta.it,domain,renew,USD,19.56,provider=openprovider
valle-daosta.it,domain,transfer,USD,19.56,provider=openprovider
valleaosta.it,domain,create,USD,19.56,provider=openprovider
valleaosta.it,domain,renew,USD,19.56,provider=openprovider
valleaosta.it,domain,transfer,USD,19.56,provider=openprovider
valled-aosta.it,domain,create,USD,19.56,provider=openprovider
valled-aosta.it,domain,renew,USD,19.56,provider=openprovider
valled-aosta.it,domain,transfer,USD,19.56,provider=openprovider
valledaosta.it,domain,create,USD,19.56,provider=openprovider
valledaosta.it,domain,renew,USD,19.56,provider=openprovider
valledaosta.it,domain,transfer,USD,19.56,provider=openprovider
vallee-aoste.it,domain,create,USD,19.56,provider=openprovider
vallee-aoste.it,domain,renew,USD,19.56,provider=openprovider
vallee-aoste.it,domain,transfer,USD,19.56,provider=openprovider
vallee-d-aoste.it,domain,create,USD,19.56,provider=openprovider
vallee-d-aoste.it,domain,renew,USD,19.56,provider=openprovider
vallee-d-aoste.it,domain,transfer,USD,19.56,provider=openprovider
valleeaoste.it,domain,create,USD,19.56,provider=openprovider
valleeaoste.it,domain,renew,USD,19.56,provider=openprovider
valleeaoste.it,domain,transfer,USD,19.56,provider=openprovider
valleedaoste.it,domain,create,USD,19.56,provider=openprovider
valleedaoste.it,domain,renew,USD,19.56,provider=openprovider
valleedaoste.it,domain,transfer,USD,19.56,provider=openprovider
vana,domain,create,USD,2225,provider=openprovider
vana,domain,renew,USD,2225,provider=openprovider
vana,domain,transfer,USD,2225,provider=openprovider
vao.it,domain,create,USD,19.56,provider=openprovider
vao.it,domain,renew,USD,19.56,provider=openprovider
vao.it,domain,transfer,USD,19.56,provider=openprovider
varese.it,domain,create,USD,19.56,provider=openprovider
varese.it,domain,renew,USD,19.56,provider=openprovider
varese.it,domain,transfer,USD,19.56,provider=openprovider
vb.it,domain,create,USD,19.56,provider=openprovider
vb.it,domain,renew,USD,19.56,provider=openprovider
vb.it,domain,transfer,USD,19.56,provider=openprovider
vc,domain,create,USD,51,provider=openprovider
vc,domain,renew,USD,51,provider=openprovider
vc,domain,transfer,USD,51,provider=openprovider
vc.it,domain,create,USD,19.56,provider=openprovider
vc.it,domain,renew,USD,19.56,provider=openprovider
vc.it,domain,transfer,USD,19.56,provider=openprovider
vda.it,domain,create,USD,19.56,provider=openprovider
vda.it,domain,renew,USD,19.56,provider=openprovider
vda.it,domain,transfer,USD,19.56,provider=openprovider
ve.it,domain,create,USD,19.56,provider=openprovider
ve.it,domain,renew,USD,19.56,provider=openprovider
ve.it,domain,transfer,USD,19.56,provider=openprovider
vegas,domain,create,USD,80.26,provider=openprovider
vegas,domain,renew,USD,80.26,provider=openprovider
vegas,domain,transfer,USD,80.26,provider=openprovider
ven.it,domain,create,USD,19.56,provider=openprovider
ven.it,domain,renew,USD,19.56,provider=openprovider
ven.it,domain,transfer,USD,19.56,provider=openprovider
veneto.it,domain,create,USD,19.56,provider=openprovider
veneto.it,domain,renew,USD,19.56,provider=openprovider
veneto.it,domain,transfer,USD,19.56,provider=openprovider
venezia.it,domain,create,USD,19.56,provider=openprovider
venezia.it,domain,renew,USD,19.56,provider=openprovider
venezia.it,domain,transfer,USD,19.56,provider=openprovider
venice.it,domain,create,USD,19.56,provider=openprovider
venice.it,domain,renew,USD,19.56,provider=openprovider
venice.it,domain,transfer,USD,19.56,provider=openprovider
ventures,domain,create,USD,59,provider=openprovider
ventures,domain,renew,USD,59,provider=openprovider
ventures,domain,transfer,USD,59,provider=openprovider
verbania.it,domain,create,USD,19.56,provider=openprovider
verbania.it,domain,renew,USD,19.56,provider=openprovider
verbania.it,domain,transfer,USD,19.56,provider=openprovider
vercelli.it,domain,create,USD,19.56,provider=openprovider
vercelli.it,domain,renew,USD,19.56,provider=openprovider
vercelli.it,domain,transfer,USD,19.56,provider=openprovider
verona.it,domain,create,USD,19.56,provider=openprovider
verona.it,domain,renew,USD,19.56,provider=openprovider
verona.it,domain,transfer,USD,19.56,provider=openprovider
versicherung,domain,create,USD,243.22,provider=openprovider
versicherung,domain,renew,USD,243.22,provider=openprovider
versicherung,domain,transfer,USD,243.22,provider=openprovider
vet,domain,create,USD,47,provider=openprovider
vet,domain,renew,USD,47,provider=openprovider
vet,domain,transfer,USD,47,provider=openprovider
vg,domain,create,USD,108,provider=openprovider
vg,domain,renew,USD,108,provider=openprovider
vg,domain,transfer,USD,108,provider=openprovider
vi.it,domain,create,USD,19.56,provider=openprovider
vi.it,domain,renew,USD,19.56,provider=openprovider
vi.it,domain,transfer,USD,19.56,provider=openprovider
viajes,domain,create,USD,70.36,provider=openprovider
viajes,domain,renew,USD,70.36,provider=openprovider
viajes,domain,transfer,USD,70.36,provider=openprovider
vibo-valentia.it,domain,create,USD,19.56,provider=openprovider
vibo-valentia.it,domain,renew,USD,19.56,provider=openprovider
vibo-valentia.it,domain,transfer,USD,19.56,provider=openprovider
vibovalentia.it,domain,create,USD,19.56,provider=openprovider
vibovalentia.it,domain,renew,USD,19.56,provider=openprovider
vibovalentia.it,domain,transfer,USD,19.56,provider=openprovider
vicenza.it,domain,create,USD,19.56,provider=openprovider
vicenza.it,domain,renew,USD,19.56,provider=openprovider
vicenza.it,domain,transfer,USD,19.56,provider=openprovider
video,domain,create,USD,33,provider=openprovider
video,domain,renew,USD,33,provider=openprovider
video,domain,transfer,USD,33,provider=openprovider
villas,domain,create,USD,59,provider=openprovider
villas,domain,renew,USD,59,provider=openprovider
villas,domain,transfer,USD,59,provider=openprovider
vin,domain,create,USD,59,provider=openprovider
vin,domain,renew,USD,59,provider=openprovider
vin,domain,transfer,USD,59,provider=openprovider
vip,domain,create,USD,19.98,provider=openprovider
vip,domain,renew,USD,25.98,provider=openprovider
vip,domain,transfer,USD,19.98,provider=openprovider
vision,domain,create,USD,55,provider=openprovider
vision,domain,renew,USD,55,provider=openprovider
vision,domain,transfer,USD,55,provider=openprovider
viterbo.it,domain,create,USD,19.56,provider=openprovider
viterbo.it,domain,renew,USD,19.56,provider=openprovider
viterbo.it,domain,transfer,USD,19.56,provider=openprovider
vix.br,domain,create,USD,42.25,provider=openprovider
vix.br,domain,renew,USD,42.25,provider=openprovider
vix.br,domain,transfer,USD,0,provider=openprovider
vlaanderen,domain,create,USD,49.43,provider=openprovider
vlaanderen,domain,renew,USD,49.43,provider=openprovider
vlaanderen,domain,transfer,USD,49.43,provider=openprovider
vn,domain,create,USD,145,provider=openprovider
vn,domain,renew,USD,145,provider=openprovider
vn,domain,transfer,USD,145,provider=openprovider
vodka,domain,create,USD,35.98,provider=openprovider
vodka,domain,renew,USD,35.98,provider=openprovider
vodka,domain,transfer,USD,35.98,provider=openprovider
vote,domain,create,USD,109.95,provider=openprovider
vote,domain,renew,USD,109.95,provider=openprovider
vote,domain,transfer,USD,71,provider=openprovider
voting,domain,create,USD,1671.48,provider=openprovider
voting,domain,renew,USD,1671.48,provider=openprovider
voting,domain,transfer,USD,865.91,provider=openprovider
voto,domain,create,USD,76,provider=openprovider
voto,domain,renew,USD,76,provider=openprovider
voto,domain,transfer,USD,100.36,provider=openprovider
voyage,domain,create,USD,58,provider=openprovider
voyage,domain,renew,USD,58,provider=openprovider
voyage,domain,transfer,USD,58,provider=openprovider
vr.it,domain,create,USD,19.56,provider=openprovider
vr.it,domain,renew,USD,19.56,provider=openprovider
vr.it,domain,transfer,USD,19.56,provider=openprovider
vs.it,domain,create,USD,19.56,provider=openprovider
vs.it,domain,renew,USD,19.56,provider=openprovider
vs.it,domain,transfer,USD,19.56,provider=openprovider
vt.it,domain,create,USD,19.56,provider=openprovider
vt.it,domain,renew,USD,19.56,provider=openprovider
vt.it,domain,transfer,USD,19.56,provider=openprovider
vuelos,domain,create,USD,20000.36,provider=openprovider
vuelos,domain,renew,USD,20000.36,provider=openprovider
vuelos,domain,transfer,USD,20000.36,provider=openprovider
vv.it,domain,create,USD,19.56,provider=openprovider
vv.it,domain,renew,USD,19.56,provider=openprovider
vv.it,domain,transfer,USD,19.56,provider=openprovider
walbrzych.pl,domain,create,USD,14.2,provider=openprovider
walbrzych.pl,domain,renew,USD,34.08,provider=openprovider
walbrzych.pl,domain,transfer,USD,0,provider=openprovider
wales,domain,create,USD,27.18,provider=openprovider
wales,domain,renew,USD,27.18,provider=openprovider
wales,domain,transfer,USD,27.18,provider=openprovider
wang,domain,create,USD,18,provider=openprovider
wang,domain,renew,USD,18,provider=openprovider
wang,domain,transfer,USD,18,provider=openprovider
warmia.pl,domain,create,USD,14.2,provider=openprovider
warmia.pl,domain,renew,USD,34.08,provider=openprovider
warmia.pl,domain,transfer,USD,0,provider=openprovider
warszawa.pl,domain,create,USD,14.2,provider=openprovider
warszawa.pl,domain,renew,USD,34.08,provider=openprovider
warszawa.pl,domain,transfer,USD,0,provider=openprovider
watch,domain,create,USD,49,provider=openprovider
watch,domain,renew,USD,49,provider=openprovider
watch,domain,transfer,USD,49,provider=openprovider
watches,domain,create,USD,280,provider=openprovider
watches,domain,renew,USD,325,provider=openprovider
watches,domain,transfer,USD,280,provider=openprovider
waw.pl,domain,create,USD,14.2,provider=openprovider
waw.pl,domain,renew,USD,34.08,provider=openprovider
waw.pl,domain,transfer,USD,0,provider=openprovider
web.za,domain,create,USD,7.14,provider=openprovider
web.za,domain,renew,USD,13.63,provider=openprovider
web.za,domain,transfer,USD,0,provider=openprovider
webcam,domain,create,USD,33,provider=openprovider
webcam,domain,renew,USD,33,provider=openprovider
webcam,domain,transfer,USD,33,provider=openprovider
website,domain,create,USD,22.99,provider=openprovider
website,domain,renew,USD,35.99,provider=openprovider
website,domain,transfer,USD,22.99,provider=openprovider
wedding,domain,create,USD,35.98,provider=openprovider
wedding,domain,renew,USD,35.98,provider=openprovider
wedding,domain,transfer,USD,35.98,provider=openprovider
wegrow.pl,domain,create,USD,14.2,provider=openprovider
wegrow.pl,domain,renew,USD,34.08,provider=openprovider
wegrow.pl,domain,transfer,USD,0,provider=openprovider
wf,domain,create,USD,7.3,provider=openprovider
wf,domain,renew,USD,8.52,provider=openprovider
wf,domain,transfer,USD,8.52,provider=openprovider
whoswho,domain,create,USD,10000.36,provider=openprovider
whoswho,domain,renew,USD,10000.36,provider=openprovider
whoswho,domain,transfer,USD,10000.36,provider=openprovider
wielun.pl,domain,create,USD,14.2,provider=openprovider
wielun.pl,domain,renew,USD,34.08,provider=openprovider
wielun.pl,domain,transfer,USD,0,provider=openprovider
wien,domain,create,USD,65.31,provider=openprovider
wien,domain,renew,USD,65.31,provider=openprovider
wien,domain,transfer,USD,65.31,provider=openprovider
wiki,domain,create,USD,29.98,provider=openprovider
wiki,domain,renew,USD,44.98,provider=openprovider
wiki,domain,transfer,USD,44.98,provider=openprovider
win,domain,create,USD,13.99,provider=openprovider
win,domain,renew,USD,13.99,provider=openprovider
win,domain,transfer,USD,13.99,provider=openprovider
wine,domain,create,USD,59,provider=openprovider
wine,domain,renew,USD,59,provider=openprovider
wine,domain,transfer,USD,59,provider=openprovider
wlocl.pl,domain,create,USD,14.2,provider=openprovider
wlocl.pl,domain,renew,USD,34.08,provider=openprovider
wlocl.pl,domain,transfer,USD,0,provider=openprovider
wloclawek.pl,domain,create,USD,14.2,provider=openprovider
wloclawek.pl,domain,renew,USD,34.08,provider=openprovider
wloclawek.pl,domain,transfer,USD,0,provider=openprovider
wodzislaw.pl,domain,create,USD,14.2,provider=openprovider
wodzislaw.pl,domain,renew,USD,34.08,provider=openprovider
wodzislaw.pl,domain,transfer,USD,0,provider=openprovider
wolomin.pl,domain,create,USD,14.2,provider=openprovider
wolomin.pl,domain,renew,USD,34.08,provider=openprovider
wolomin.pl,domain,transfer,USD,0,provider=openprovider
work,domain,create,USD,16.98,provider=openprovider
work,domain,renew,USD,16.98,provider=openprovider
work,domain,transfer,USD,16.98,provider=openprovider
works,domain,create,USD,48,provider=openprovider
works,domain,renew,USD,48,provider=openprovider
works,domain,transfer,USD,48,provider=openprovider
world,domain,create,USD,47,provider=openprovider
world,domain,renew,USD,47,provider=openprovider
world,domain,transfer,USD,47,provider=openprovider
wroclaw.pl,domain,create,USD,14.2,provider=openprovider
wroclaw.pl,domain,renew,USD,34.08,provider=openprovider
wroclaw.pl,domain,transfer,USD,0,provider=openprovider
ws,domain,create,USD,44.98,provider=openprovider
ws,domain,renew,USD,49.98,provider=openprovider
ws,domain,transfer,USD,44.98,provider=openprovider
wtf,domain,create,USD,41,provider=openprovider
wtf,domain,renew,USD,41,provider=openprovider
wtf,domain,transfer,USD,41,provider=openprovider
www.ro,domain,create,USD,18.37,provider=openprovider
www.ro,domain,renew,USD,18.37,provider=openprovider
www.ro,domain,transfer,USD,18.37,provider=openprovider
xj.cn,domain,create,USD,33.26,provider=openprovider
xj.cn,domain,renew,USD,33.26,provider=openprovider
xj.cn,domain,transfer,USD,33.26,provider=openprovider
xn--11b2bfp5fn6er.xn--h2brj9c8c,domain,create,USD,7.67,provider=openprovider
xn--11b2bfp5fn6er.xn--h2brj9c8c,domain,renew,USD,10.96,provider=openprovider
xn--11b2bfp5fn6er.xn--h2brj9c8c,domain,transfer,USD,7.67,provider=openprovider
xn--1qqw23a,domain,create,USD,28.86,provider=openprovider
xn--1qqw23a,domain,renew,USD,28.86,provider=openprovider
xn--1qqw23a,domain,transfer,USD,28.86,provider=openprovider
xn--2scrj9c,domain,create,USD,7.67,provider=openprovider
xn--2scrj9c,domain,renew,USD,10.96,provider=openprovider
xn--2scrj9c,domain,transfer,USD,7.67,provider=openprovider
xn--3bst00m,domain,create,USD,1040.36,provider=openprovider
xn--3bst00m,domain,renew,USD,1040.36,provider=openprovider
xn--3bst00m,domain,transfer,USD,1040.36,provider=openprovider
xn--3ds443g,domain,create,USD,400.36,provider=openprovider
xn--3ds443g,domain,renew,USD,400.36,provider=openprovider
xn--3ds443g,domain,transfer,USD,400.36,provider=openprovider
xn--3hcrj9c,domain,create,USD,7.67,provider=openprovider
xn--3hcrj9c,domain,renew,USD,10.96,provider=openprovider
xn--3hcrj9c,domain,transfer,USD,7.67,provider=openprovider
xn--45br5cyl,domain,create,USD,7.67,provider=openprovider
xn--45br5cyl,domain,renew,USD,10.96,provider=openprovider
xn--45br5cyl,domain,transfer,USD,7.67,provider=openprovider
xn--45brj9c,domain,create,USD,7.67,provider=openprovider
xn--45brj9c,domain,renew,USD,10.96,provider=openprovider
xn--45brj9c,domain,transfer,USD,7.67,provider=openprovider
xn--45q11c,domain,create,USD,400.36,provider=openprovider
xn--45q11c,domain,renew,USD,400.36,provider=openprovider
xn--45q11c,domain,transfer,USD,400.36,provider=openprovider
xn--4gbrim,domain,create,USD,80,provider=openprovider
xn--4gbrim,domain,renew,USD,80,provider=openprovider
xn--4gbrim,domain,transfer,USD,80,provider=openprovider
xn--55qx5d,domain,create,USD,55.44,provider=openprovider
xn--55qx5d,domain,renew,USD,55.44,provider=openprovider
xn--55qx5d,domain,transfer,USD,55.44,provider=openprovider
xn--5tzm5g,domain,create,USD,19,provider=openprovider
xn--5tzm5g,domain,renew,USD,20.36,provider=openprovider
xn--5tzm5g,domain,transfer,USD,19,provider=openprovider
xn--6frz82g,domain,create,USD,24.36,provider=openprovider
xn--6frz82g,domain,renew,USD,24.36,provider=openprovider
xn--6frz82g,domain,transfer,USD,24.36,provider=openprovider
xn--6qq986b3xl,domain,create,USD,44.36,provider=openprovider
xn--6qq986b3xl,domain,renew,USD,44.36,provider=openprovider
xn--6qq986b3xl,domain,transfer,USD,44.36,provider=openprovider
xn--80adxhks,domain,create,USD,18.4,provider=openprovider
xn--80adxhks,domain,renew,USD,18.4,provider=openprovider
xn--80adxhks,domain,transfer,USD,18.4,provider=openprovider
xn--80asehdb,domain,create,USD,49.06,provider=openprovider
xn--80asehdb,domain,renew,USD,49.06,provider=openprovider
xn--80asehdb,domain,transfer,USD,49.06,provider=openprovider
xn--80aswg,domain,create,USD,49.43,provider=openprovider
xn--80aswg,domain,renew,USD,49.43,provider=openprovider
xn--80aswg,domain,transfer,USD,49.43,provider=openprovider
xn--9dbq2a,domain,create,USD,40,provider=openprovider
xn--9dbq2a,domain,renew,USD,40,provider=openprovider
xn--9dbq2a,domain,transfer,USD,40,provider=openprovider
xn--balsan-sdtirol-nsb.it,domain,create,USD,19.56,provider=openprovider
xn--balsan-sdtirol-nsb.it,domain,renew,USD,19.56,provider=openprovider
xn--balsan-sdtirol-nsb.it,domain,transfer,USD,19.56,provider=openprovider
xn--bozen-sdtirol-2ob.it,domain,create,USD,19.56,provider=openprovider
xn--bozen-sdtirol-2ob.it,domain,renew,USD,19.56,provider=openprovider
xn--bozen-sdtirol-2ob.it,domain,transfer,USD,19.56,provider=openprovider
xn--bulsan-sdtirol-nsb.it,domain,create,USD,19.56,provider=openprovider
xn--bulsan-sdtirol-nsb.it,domain,renew,USD,19.56,provider=openprovider
xn--bulsan-sdtirol-nsb.it,domain,transfer,USD,19.56,provider=openprovider
xn--c1avg,domain,create,USD,19.5,provider=openprovider
xn--c1avg,domain,renew,USD,19.5,provider=openprovider
xn--c1avg,domain,transfer,USD,19.5,provider=openprovider
xn--cesena-forl-mcb.it,domain,create,USD,19.56,provider=openprovider
xn--cesena-forl-mcb.it,domain,renew,USD,19.56,provider=openprovider
xn--cesena-forl-mcb.it,domain,transfer,USD,19.56,provider=openprovider
xn--cesenaforl-i8a.it,domain,create,USD,19.56,provider=openprovider
xn--cesenaforl-i8a.it,domain,renew,USD,19.56,provider=openprovider
xn--cesenaforl-i8a.it,domain,transfer,USD,19.56,provider=openprovider
xn--czr694b,domain,create,USD,1187.49,provider=openprovider
xn--czr694b,domain,renew,USD,1187.49,provider=openprovider
xn--czr694b,domain,transfer,USD,1187.49,provider=openprovider
xn--czrs0t,domain,create,USD,70.36,provider=openprovider
xn--czrs0t,domain,renew,USD,70.36,provider=openprovider
xn--czrs0t,domain,transfer,USD,70.36,provider=openprovider
xn--czru2d,domain,create,USD,1334,provider=openprovider
xn--czru2d,domain,renew,USD,400.36,provider=openprovider
xn--czru2d,domain,transfer,USD,400.36,provider=openprovider
xn--d1acj3b,domain,create,USD,13.01,provider=openprovider
xn--d1acj3b,domain,renew,USD,13.01,provider=openprovider
xn--d1acj3b,domain,transfer,USD,13.01,provider=openprovider
xn--d1alf,domain,create,USD,51,provider=openprovider
xn--d1alf,domain,renew,USD,51,provider=openprovider
xn--d1alf,domain,transfer,USD,0,provider=openprovider
xn--d9b2bf3g1k.xn--s9brj9c,domain,create,USD,7.67,provider=openprovider
xn--d9b2bf3g1k.xn--s9brj9c,domain,renew,USD,10.96,provider=openprovider
xn--d9b2bf3g1k.xn--s9brj9c,domain,transfer,USD,7.67,provider=openprovider
xn--e1a4c,domain,create,USD,16.19,provider=openprovider
xn--e1a4c,domain,renew,USD,16.19,provider=openprovider
xn--e1a4c,domain,transfer,USD,16.19,provider=openprovider
xn--fhbed7t1n.xn--mgbbh1a71e,domain,create,USD,7.67,provider=openprovider
xn--fhbed7t1n.xn--mgbbh1a71e,domain,renew,USD,10.96,provider=openprovider
xn--fhbed7t1n.xn--mgbbh1a71e,domain,transfer,USD,7.67,provider=openprovider
xn--fiq228c5hs,domain,create,USD,399.98,provider=openprovider
xn--fiq228c5hs,domain,renew,USD,399.98,provider=openprovider
xn--fiq228c5hs,domain,transfer,USD,399.98,provider=openprovider
xn--fiqs8s,domain,create,USD,76,provider=openprovider
xn--fiqs8s,domain,renew,USD,76,provider=openprovider
xn--fiqs8s,domain,transfer,USD,76,provider=openprovider
xn--fjq720a,domain,create,USD,132.36,provider=openprovider
xn--fjq720a,domain,renew,USD,132.36,provider=openprovider
xn--fjq720a,domain,transfer,USD,132.36,provider=openprovider
xn--forl-cesena-fcb.it,domain,create,USD,19.56,provider=openprovider
xn--forl-cesena-fcb.it,domain,renew,USD,19.56,provider=openprovider
xn--forl-cesena-fcb.it,domain,transfer,USD,19.56,provider=openprovider
xn--forlcesena-c8a.it,domain,create,USD,19.56,provider=openprovider
xn--forlcesena-c8a.it,domain,renew,USD,19.56,provider=openprovider
xn--forlcesena-c8a.it,domain,transfer,USD,19.56,provider=openprovider
xn--fpcrj9c3d,domain,create,USD,7.67,provider=openprovider
xn--fpcrj9c3d,domain,renew,USD,10.96,provider=openprovider
xn--fpcrj9c3d,domain,transfer,USD,7.67,provider=openprovider
xn--g2xx48c,domain,create,USD,600,provider=openprovider
xn--g2xx48c,domain,renew,USD,600,provider=openprovider
xn--g2xx48c,domain,transfer,USD,600,provider=openprovider
xn--gecrj9c,domain,create,USD,7.67,provider=openprovider
xn--gecrj9c,domain,renew,USD,10.96,provider=openprovider
xn--gecrj9c,domain,transfer,USD,7.67,provider=openprovider
xn--goc1b4ch5i8a.xn--fpcrj9c3d,domain,create,USD,7.67,provider=openprovider
xn--goc1b4ch5i8a.xn--fpcrj9c3d,domain,renew,USD,10.96,provider=openprovider
xn--goc1b4ch5i8a.xn--fpcrj9c3d,domain,transfer,USD,7.67,provider=openprovider
xn--h2breg3eve,domain,create,USD,7.67,provider=openprovider
xn--h2breg3eve,domain,renew,USD,10.96,provider=openprovider
xn--h2breg3eve,domain,transfer,USD,7.67,provider=openprovider
xn--h2brj9c,domain,create,USD,7.67,provider=openprovider
xn--h2brj9c,domain,renew,USD,10.96,provider=openprovider
xn--h2brj9c,domain,transfer,USD,7.67,provider=openprovider
xn--h2brj9c8c,domain,create,USD,7.67,provider=openprovider
xn--h2brj9c8c,domain,renew,USD,10.96,provider=openprovider
xn--h2brj9c8c,domain,transfer,USD,7.67,provider=openprovider
xn--hdb9cza1b,domain,create,USD,26,provider=openprovider
xn--hdb9cza1b,domain,renew,USD,26,provider=openprovider
xn--hdb9cza1b,domain,transfer,USD,26,provider=openprovider
xn--hdc1b4ch5i.xn--gecrj9c,domain,create,USD,7.67,provider=openprovider
xn--hdc1b4ch5i.xn--gecrj9c,domain,renew,USD,10.96,provider=openprovider
xn--hdc1b4ch5i.xn--gecrj9c,domain,transfer,USD,7.67,provider=openprovider
xn--hhbcm0s3h.xn--mgbgu82a,domain,create,USD,7.67,provider=openprovider
xn--hhbcm0s3h.xn--mgbgu82a,domain,renew,USD,10.96,provider=openprovider
xn--hhbcm0s3h.xn--mgbgu82a,domain,transfer,USD,7.67,provider=openprovider
xn--hxt814e,domain,create,USD,400.36,provider=openprovider
xn--hxt814e,domain,renew,USD,400.36,provider=openprovider
xn--hxt814e,domain,transfer,USD,400.36,provider=openprovider
xn--i1b1b4ch5i.xn--h2brj9c,domain,create,USD,7.67,provider=openprovider
xn--i1b1b4ch5i.xn--h2brj9c,domain,renew,USD,10.96,provider=openprovider
xn--i1b1b4ch5i.xn--h2brj9c,domain,transfer,USD,7.67,provider=openprovider
xn--i1b6b1a6a2e,domain,create,USD,19.5,provider=openprovider
xn--i1b6b1a6a2e,domain,renew,USD,19.5,provider=openprovider
xn--i1b6b1a6a2e,domain,transfer,USD,19.5,provider=openprovider
xn--imr513n,domain,create,USD,187.4,provider=openprovider
xn--imr513n,domain,renew,USD,187.4,provider=openprovider
xn--imr513n,domain,transfer,USD,187.4,provider=openprovider
xn--io0a7i,domain,create,USD,55.44,provider=openprovider
xn--io0a7i,domain,renew,USD,55.44,provider=openprovider
xn--io0a7i,domain,transfer,USD,55.44,provider=openprovider
xn--j6w193g,domain,create,USD,156.99,provider=openprovider
xn--j6w193g,domain,renew,USD,156.99,provider=openprovider
xn--j6w193g,domain,transfer,USD,0,provider=openprovider
xn--kpry57d,domain,create,USD,66,provider=openprovider
xn--kpry57d,domain,renew,USD,66,provider=openprovider
xn--kpry57d,domain,transfer,USD,66,provider=openprovider
xn--mgbaam7a8h,domain,create,USD,105.48,provider=openprovider
xn--mgbaam7a8h,domain,renew,USD,147.18,provider=openprovider
xn--mgbaam7a8h,domain,transfer,USD,0,provider=openprovider
xn--mgbab2bd,domain,create,USD,30.36,provider=openprovider
xn--mgbab2bd,domain,renew,USD,30.36,provider=openprovider
xn--mgbab2bd,domain,transfer,USD,30.36,provider=openprovider
xn--mgbbh1a,domain,create,USD,7.67,provider=openprovider
xn--mgbbh1a,domain,renew,USD,10.96,provider=openprovider
xn--mgbbh1a,domain,transfer,USD,7.67,provider=openprovider
xn--mgbbh1a71e,domain,create,USD,7.67,provider=openprovider
xn--mgbbh1a71e,domain,renew,USD,10.96,provider=openprovider
xn--mgbbh1a71e,domain,transfer,USD,7.67,provider=openprovider
xn--mgbcpq6gpa1a,domain,create,USD,145,provider=openprovider
xn--mgbcpq6gpa1a,domain,renew,USD,170,provider=openprovider
xn--mgbcpq6gpa1a,domain,transfer,USD,145,provider=openprovider
xn--mgbgu82a,domain,create,USD,7.67,provider=openprovider
xn--mgbgu82a,domain,renew,USD,10.96,provider=openprovider
xn--mgbgu82a,domain,transfer,USD,7.67,provider=openprovider
xn--mk1bu44c,domain,create,USD,19,provider=openprovider
xn--mk1bu44c,domain,renew,USD,19,provider=openprovider
xn--mk1bu44c,domain,transfer,USD,19,provider=openprovider
xn--ngbc5azd,domain,create,USD,21,provider=openprovider
xn--ngbc5azd,domain,renew,USD,21,provider=openprovider
xn--ngbc5azd,domain,transfer,USD,21,provider=openprovider
xn--node,domain,create,USD,147.18,provider=openprovider
xn--node,domain,renew,USD,105.48,provider=openprovider
xn--node,domain,transfer,USD,147.18,provider=openprovider
xn--nqv7f,domain,create,USD,19.5,provider=openprovider
xn--nqv7f,domain,renew,USD,19.5,provider=openprovider
xn--nqv7f,domain,transfer,USD,19.5,provider=openprovider
xn--nyqy26a,domain,create,USD,3600.36,provider=openprovider
xn--nyqy26a,domain,renew,USD,3600.36,provider=openprovider
xn--nyqy26a,domain,transfer,USD,3600.36,provider=openprovider
xn--p1acf,domain,create,USD,21.98,provider=openprovider
xn--p1acf,domain,renew,USD,21.98,provider=openprovider
xn--p1acf,domain,transfer,USD,21.98,provider=openprovider
xn--p1ai,domain,create,USD,2.82,provider=openprovider
xn--p1ai,domain,renew,USD,6.05,provider=openprovider
xn--p1ai,domain,transfer,USD,2.82,provider=openprovider
xn--p5b2bfp5fh3fra.xn--45brj9c,domain,create,USD,7.67,provider=openprovider
xn--p5b2bfp5fh3fra.xn--45brj9c,domain,renew,USD,10.96,provider=openprovider
xn--p5b2bfp5fh3fra.xn--45brj9c,domain,transfer,USD,7.67,provider=openprovider
xn--p5b2bfp5fn6er.xn--45br5cyl,domain,create,USD,7.67,provider=openprovider
xn--p5b2bfp5fn6er.xn--45br5cyl,domain,renew,USD,10.96,provider=openprovider
xn--p5b2bfp5fn6er.xn--45br5cyl,domain,transfer,USD,7.67,provider=openprovider
xn--q9jyb4c,domain,create,USD,15.21,provider=openprovider
xn--q9jyb4c,domain,renew,USD,15.21,provider=openprovider
xn--q9jyb4c,domain,transfer,USD,15.21,provider=openprovider
xn--qxa6a,domain,create,USD,16.19,provider=openprovider
xn--qxa6a,domain,renew,USD,16.19,provider=openprovider
xn--qxa6a,domain,transfer,USD,16.19,provider=openprovider
xn--qxam,domain,create,USD,11.64,provider=openprovider
xn--qxam,domain,renew,USD,13.48,provider=openprovider
xn--qxam,domain,transfer,USD,0,provider=openprovider
xn--rhqv96g,domain,create,USD,40.36,provider=openprovider
xn--rhqv96g,domain,renew,USD,33,provider=openprovider
xn--rhqv96g,domain,transfer,USD,40.36,provider=openprovider
xn--rvc1e0am3e,domain,create,USD,7.67,provider=openprovider
xn--rvc1e0am3e,domain,renew,USD,10.96,provider=openprovider
xn--rvc1e0am3e,domain,transfer,USD,7.67,provider=openprovider
xn--s9brj9c,domain,create,USD,7.67,provider=openprovider
xn--s9brj9c,domain,renew,USD,10.96,provider=openprovider
xn--s9brj9c,domain,transfer,USD,7.67,provider=openprovider
xn--sdtirol-n2a.it,domain,create,USD,19.56,provider=openprovider
xn--sdtirol-n2a.it,domain,renew,USD,19.56,provider=openprovider
xn--sdtirol-n2a.it,domain,transfer,USD,19.56,provider=openprovider
xn--ses554g,domain,create,USD,350.44,provider=openprovider
xn--ses554g,domain,renew,USD,350.44,provider=openprovider
xn--ses554g,domain,transfer,USD,350.44,provider=openprovider
xn--t60b56a,domain,create,USD,19,provider=openprovider
xn--t60b56a,domain,renew,USD,19,provider=openprovider
xn--t60b56a,domain,transfer,USD,19,provider=openprovider
xn--tckwe,domain,create,USD,19,provider=openprovider
xn--tckwe,domain,renew,USD,19,provider=openprovider
xn--tckwe,domain,transfer,USD,19,provider=openprovider
xn--trentin-sd-tirol-rzb.it,domain,create,USD,19.56,provider=openprovider
xn--trentin-sd-tirol-rzb.it,domain,renew,USD,19.56,provider=openprovider
xn--trentin-sd-tirol-rzb.it,domain,transfer,USD,19.56,provider=openprovider
xn--trentin-sdtirol-7vb.it,domain,create,USD,19.56,provider=openprovider
xn--trentin-sdtirol-7vb.it,domain,renew,USD,19.56,provider=openprovider
xn--trentin-sdtirol-7vb.it,domain,transfer,USD,19.56,provider=openprovider
xn--trentino-sd-tirol-c3b.it,domain,create,USD,19.56,provider=openprovider
xn--trentino-sd-tirol-c3b.it,domain,renew,USD,19.56,provider=openprovider
xn--trentino-sd-tirol-c3b.it,domain,transfer,USD,19.56,provider=openprovider
xn--trentino-sdtirol-szb.it,domain,create,USD,19.56,provider=openprovider
xn--trentino-sdtirol-szb.it,domain,renew,USD,19.56,provider=openprovider
xn--trentino-sdtirol-szb.it,domain,transfer,USD,19.56,provider=openprovider
xn--trentinosd-tirol-rzb.it,domain,create,USD,19.56,provider=openprovider
xn--trentinosd-tirol-rzb.it,domain,renew,USD,19.56,provider=openprovider
xn--trentinosd-tirol-rzb.it,domain,transfer,USD,19.56,provider=openprovider
xn--trentinosdtirol-7vb.it,domain,create,USD,19.56,provider=openprovider
xn--trentinosdtirol-7vb.it,domain,renew,USD,19.56,provider=openprovider
xn--trentinosdtirol-7vb.it,domain,transfer,USD,19.56,provider=openprovider
xn--trentinsd-tirol-6vb.it,domain,create,USD,19.56,provider=openprovider
xn--trentinsd-tirol-6vb.it,domain,renew,USD,19.56,provider=openprovider
xn--trentinsd-tirol-6vb.it,domain,transfer,USD,19.56,provider=openprovider
xn--trentinsdtirol-nsb.it,domain,create,USD,19.56,provider=openprovider
xn--trentinsdtirol-nsb.it,domain,renew,USD,19.56,provider=openprovider
xn--trentinsdtirol-nsb.it,domain,transfer,USD,19.56,provider=openprovider
xn--unup4y,domain,create,USD,132.36,provider=openprovider
xn--unup4y,domain,renew,USD,132.36,provider=openprovider
xn--unup4y,domain,transfer,USD,132.36,provider=openprovider
xn--valle-aoste-ebb.it,domain,create,USD,19.56,provider=openprovider
xn--valle-aoste-ebb.it,domain,renew,USD,19.56,provider=openprovider
xn--valle-aoste-ebb.it,domain,transfer,USD,19.56,provider=openprovider
xn--valle-d-aoste-ehb.it,domain,create,USD,19.56,provider=openprovider
xn--valle-d-aoste-ehb.it,domain,renew,USD,19.56,provider=openprovider
xn--valle-d-aoste-ehb.it,domain,transfer,USD,19.56,provider=openprovider
xn--valleaoste-e7a.it,domain,create,USD,19.56,provider=openprovider
xn--valleaoste-e7a.it,domain,renew,USD,19.56,provider=openprovider
xn--valleaoste-e7a.it,domain,transfer,USD,19.56,provider=openprovider
xn--valledaoste-ebb.it,domain,create,USD,19.56,provider=openprovider
xn--valledaoste-ebb.it,domain,renew,USD,19.56,provider=openprovider
xn--valledaoste-ebb.it,domain,transfer,USD,19.56,provider=openprovider
xn--vhquv,domain,create,USD,132.36,provider=openprovider
xn--vhquv,domain,renew,USD,132.36,provider=openprovider
xn--vhquv,domain,transfer,USD,132.36,provider=openprovider
xn--vlccpku2dp3h.xn--xkc2dl3a5ee0h,domain,create,USD,7.67,provider=openprovider
xn--vlccpku2dp3h.xn--xkc2dl3a5ee0h,domain,renew,USD,10.96,provider=openprovider
xn--vlccpku2dp3h.xn--xkc2dl3a5ee0h,domain,transfer,USD,7.67,provider=openprovider
xn--wgbl6a,domain,create,USD,1287.83,provider=openprovider
xn--wgbl6a,domain,renew,USD,1287.83,provider=openprovider
xn--wgbl6a,domain,transfer,USD,0,provider=openprovider
xn--xhq521b,domain,create,USD,28.86,provider=openprovider
xn--xhq521b,domain,renew,USD,28.86,provider=openprovider
xn--xhq521b,domain,transfer,USD,28.86,provider=openprovider
xn--xkc2dl3a5ee0h,domain,create,USD,7.67,provider=openprovider
xn--xkc2dl3a5ee0h,domain,renew,USD,10.96,provider=openprovider
xn--xkc2dl3a5ee0h,domain,transfer,USD,7.67,provider=openprovider
xxx,domain,create,USD,170.98,provider=openprovider
xxx,domain,renew,USD,170.98,provider=openprovider
xxx,domain,transfer,USD,170.98,provider=openprovider
xyz,domain,create,USD,20.98,provider=openprovider
xyz,domain,renew,USD,20.98,provider=openprovider
xyz,domain,transfer,USD,20.98,provider=openprovider
xz.cn,domain,create,USD,33.26,provider=openprovider
xz.cn,domain,renew,USD,33.26,provider=openprovider
xz.cn,domain,transfer,USD,33.26,provider=openprovider
yachts,domain,create,USD,20.98,provider=openprovider
yachts,domain,renew,USD,28,provider=openprovider
yachts,domain,transfer,USD,20.98,provider=openprovider
yn.cn,domain,create,USD,33.26,provider=openprovider
yn.cn,domain,renew,USD,33.26,provider=openprovider
yn.cn,domain,transfer,USD,33.26,provider=openprovider
yoga,domain,create,USD,35.98,provider=openprovider
yoga,domain,renew,USD,35.98,provider=openprovider
yoga,domain,transfer,USD,35.98,provider=openprovider
yokohama,domain,create,USD,19.84,provider=openprovider
yokohama,domain,renew,USD,19.84,provider=openprovider
yokohama,domain,transfer,USD,13.42,provider=openprovider
yt,domain,create,USD,7.3,provider=openprovider
yt,domain,renew,USD,8.52,provider=openprovider
yt,domain,transfer,USD,8.52,provider=openprovider
za.bz,domain,create,USD,25.95,provider=openprovider
za.bz,domain,renew,USD,25.95,provider=openprovider
za.bz,domain,transfer,USD,25.95,provider=openprovider
za.com,domain,create,USD,399.99,provider=openprovider
za.com,domain,renew,USD,399.99,provider=openprovider
za.com,domain,transfer,USD,399.99,provider=openprovider
zachpomor.pl,domain,create,USD,14.2,provider=openprovider
zachpomor.pl,domain,renew,USD,34.08,provider=openprovider
zachpomor.pl,domain,transfer,USD,0,provider=openprovider
zagan.pl,domain,create,USD,14.2,provider=openprovider
zagan.pl,domain,renew,USD,34.08,provider=openprovider
zagan.pl,domain,transfer,USD,0,provider=openprovider
zarow.pl,domain,create,USD,14.2,provider=openprovider
zarow.pl,domain,renew,USD,34.08,provider=openprovider
zarow.pl,domain,transfer,USD,0,provider=openprovider
zgora.pl,domain,create,USD,14.2,provider=openprovider
zgora.pl,domain,renew,USD,34.08,provider=openprovider
zgora.pl,domain,transfer,USD,0,provider=openprovider
zgorzelec.pl,domain,create,USD,14.2,provider=openprovider
zgorzelec.pl,domain,renew,USD,34.08,provider=openprovider
zgorzelec.pl,domain,transfer,USD,0,provider=openprovider
zip,domain,create,USD,12,provider=openprovider
zip,domain,renew,USD,17,provider=openprovider
zip,domain,transfer,USD,12,provider=openprovider
zj.cn,domain,create,USD,33.26,provider=openprovider
zj.cn,domain,renew,USD,33.26,provider=openprovider
zj.cn,domain,transfer,USD,33.26,provider=openprovider
zm,domain,create,USD,207.28,provider=openprovider
zm,domain,renew,USD,349.55,provider=openprovider
zm,domain,transfer,USD,0,provider=openprovider
zone,domain,create,USD,48,provider=openprovider
zone,domain,renew,USD,48,provider=openprovider
zone,domain,transfer,USD,48,provider=openprovider
zuerich,domain,create,USD,94.62,provider=openprovider
zuerich,domain,renew,USD,94.62,provider=openprovider
zuerich,domain,transfer,USD,94.62,provider=openprovider